year;psmsl_id;name;height;surge;source;method;surge_anomaly;station
1862;20;Vlissingen;-142;NA;psmsl;NA;0;Vlissingen
1863;20;Vlissingen;-161;NA;psmsl;NA;0;Vlissingen
1864;20;Vlissingen;-196;NA;psmsl;NA;0;Vlissingen
1865;20;Vlissingen;-167;NA;psmsl;NA;0;Vlissingen
1866;20;Vlissingen;-95;NA;psmsl;NA;0;Vlissingen
1867;20;Vlissingen;-96;NA;psmsl;NA;0;Vlissingen
1868;20;Vlissingen;-104;NA;psmsl;NA;0;Vlissingen
1869;20;Vlissingen;-102;NA;psmsl;NA;0;Vlissingen
1870;20;Vlissingen;-168;NA;psmsl;NA;0;Vlissingen
1871;20;Vlissingen;-172;NA;psmsl;NA;0;Vlissingen
1872;20;Vlissingen;-132;NA;psmsl;NA;0;Vlissingen
1873;20;Vlissingen;-127;NA;psmsl;NA;0;Vlissingen
1874;20;Vlissingen;-144;NA;psmsl;NA;0;Vlissingen
1875;20;Vlissingen;-172;NA;psmsl;NA;0;Vlissingen
1876;20;Vlissingen;-117;NA;psmsl;NA;0;Vlissingen
1877;20;Vlissingen;-73;NA;psmsl;NA;0;Vlissingen
1878;20;Vlissingen;-103;NA;psmsl;NA;0;Vlissingen
1879;20;Vlissingen;-144;NA;psmsl;NA;0;Vlissingen
1880;20;Vlissingen;-119;NA;psmsl;NA;0;Vlissingen
1881;20;Vlissingen;-148;NA;psmsl;NA;0;Vlissingen
1882;20;Vlissingen;-164;NA;psmsl;NA;0;Vlissingen
1883;20;Vlissingen;-171;NA;psmsl;NA;0;Vlissingen
1884;20;Vlissingen;-186;NA;psmsl;NA;0;Vlissingen
1885;20;Vlissingen;-207;NA;psmsl;NA;0;Vlissingen
1886;20;Vlissingen;-210;NA;psmsl;NA;0;Vlissingen
1887;20;Vlissingen;-289;NA;psmsl;NA;0;Vlissingen
1888;20;Vlissingen;-323;NA;psmsl;NA;0;Vlissingen
1889;20;Vlissingen;-275;NA;psmsl;NA;0;Vlissingen
1890;20;Vlissingen;-252;NA;psmsl;NA;0;Vlissingen
1891;20;Vlissingen;-280;NA;psmsl;NA;0;Vlissingen
1892;20;Vlissingen;-279;NA;psmsl;NA;0;Vlissingen
1893;20;Vlissingen;-253;NA;psmsl;NA;0;Vlissingen
1894;20;Vlissingen;-204;NA;psmsl;NA;0;Vlissingen
1895;20;Vlissingen;-220;NA;psmsl;NA;0;Vlissingen
1896;20;Vlissingen;-240;NA;psmsl;NA;0;Vlissingen
1897;20;Vlissingen;-261;NA;psmsl;NA;0;Vlissingen
1898;20;Vlissingen;-229;NA;psmsl;NA;0;Vlissingen
1899;20;Vlissingen;-221;NA;psmsl;NA;0;Vlissingen
1900;20;Vlissingen;-275;NA;psmsl;NA;0;Vlissingen
1901;20;Vlissingen;-308;NA;psmsl;NA;0;Vlissingen
1902;20;Vlissingen;-323;NA;psmsl;NA;0;Vlissingen
1903;20;Vlissingen;-178;NA;psmsl;NA;0;Vlissingen
1904;20;Vlissingen;-191;NA;psmsl;NA;0;Vlissingen
1905;20;Vlissingen;-220;NA;psmsl;NA;0;Vlissingen
1906;20;Vlissingen;-212;NA;psmsl;NA;0;Vlissingen
1907;20;Vlissingen;-202;NA;psmsl;NA;0;Vlissingen
1908;20;Vlissingen;-204;NA;psmsl;NA;0;Vlissingen
1909;20;Vlissingen;-178;NA;psmsl;NA;0;Vlissingen
1910;20;Vlissingen;-171;NA;psmsl;NA;0;Vlissingen
1911;20;Vlissingen;-209;NA;psmsl;NA;0;Vlissingen
1912;20;Vlissingen;-154;NA;psmsl;NA;0;Vlissingen
1913;20;Vlissingen;-160;NA;psmsl;NA;0;Vlissingen
1914;20;Vlissingen;-184;NA;psmsl;NA;0;Vlissingen
1915;20;Vlissingen;-213;NA;psmsl;NA;0;Vlissingen
1916;20;Vlissingen;-168;NA;psmsl;NA;0;Vlissingen
1917;20;Vlissingen;-182;NA;psmsl;NA;0;Vlissingen
1918;20;Vlissingen;-221;NA;psmsl;NA;0;Vlissingen
1919;20;Vlissingen;-248;NA;psmsl;NA;0;Vlissingen
1920;20;Vlissingen;-271;NA;psmsl;NA;0;Vlissingen
1921;20;Vlissingen;-203;NA;psmsl;NA;0;Vlissingen
1922;20;Vlissingen;-192;NA;psmsl;NA;0;Vlissingen
1923;20;Vlissingen;-171;NA;psmsl;NA;0;Vlissingen
1924;20;Vlissingen;-189;NA;psmsl;NA;0;Vlissingen
1925;20;Vlissingen;-152;NA;psmsl;NA;0;Vlissingen
1926;20;Vlissingen;-167;NA;psmsl;NA;0;Vlissingen
1927;20;Vlissingen;-155;NA;psmsl;NA;0;Vlissingen
1928;20;Vlissingen;-152;NA;psmsl;NA;0;Vlissingen
1929;20;Vlissingen;-203;NA;psmsl;NA;0;Vlissingen
1930;20;Vlissingen;-133;NA;psmsl;NA;0;Vlissingen
1931;20;Vlissingen;-133;NA;psmsl;NA;0;Vlissingen
1932;20;Vlissingen;-152;NA;psmsl;NA;0;Vlissingen
1933;20;Vlissingen;-166;NA;psmsl;NA;0;Vlissingen
1934;20;Vlissingen;-162;NA;psmsl;NA;0;Vlissingen
1935;20;Vlissingen;-134;NA;psmsl;NA;0;Vlissingen
1936;20;Vlissingen;-111;NA;psmsl;NA;0;Vlissingen
1937;20;Vlissingen;-111;NA;psmsl;NA;0;Vlissingen
1938;20;Vlissingen;-136;NA;psmsl;NA;0;Vlissingen
1939;20;Vlissingen;-134;NA;psmsl;NA;0;Vlissingen
1940;20;Vlissingen;-135;NA;psmsl;NA;0;Vlissingen
1941;20;Vlissingen;-161;NA;psmsl;NA;0;Vlissingen
1942;20;Vlissingen;-149;NA;psmsl;NA;0;Vlissingen
1943;20;Vlissingen;-116;NA;psmsl;NA;0;Vlissingen
1944;20;Vlissingen;-128;NA;psmsl;NA;0;Vlissingen
1945;20;Vlissingen;-110;NA;psmsl;NA;0;Vlissingen
1946;20;Vlissingen;-104;NA;psmsl;NA;0;Vlissingen
1947;20;Vlissingen;-136;NA;psmsl;NA;0;Vlissingen
1948;20;Vlissingen;-119;NA;psmsl;NA;0;Vlissingen
1949;20;Vlissingen;-106;NA;psmsl;NA;0;Vlissingen
1950;20;Vlissingen;-84;0.045;psmsl;NA;15.092105263157894;Vlissingen
1951;20;Vlissingen;-82;0.032;psmsl;NA;2.092105263157894;Vlissingen
1952;20;Vlissingen;-54;0.045;psmsl;NA;15.092105263157894;Vlissingen
1953;20;Vlissingen;-104;0.001;psmsl;NA;-28.907894736842106;Vlissingen
1954;20;Vlissingen;-85;0.045;psmsl;NA;15.092105263157894;Vlissingen
1955;20;Vlissingen;-86;0.043;psmsl;NA;13.092105263157894;Vlissingen
1956;20;Vlissingen;-148;0.019;psmsl;NA;-10.907894736842106;Vlissingen
1957;20;Vlissingen;-112;0.03;psmsl;NA;0.0921052631578938;Vlissingen
1958;20;Vlissingen;-85;0.042;psmsl;NA;12.092105263157894;Vlissingen
1959;20;Vlissingen;-98;-0.004;psmsl;NA;-33.90789473684211;Vlissingen
1960;20;Vlissingen;-83;0.036;psmsl;NA;6.092105263157894;Vlissingen
1961;20;Vlissingen;-41;0.048;psmsl;NA;18.092105263157894;Vlissingen
1962;20;Vlissingen;-70;0.033;psmsl;NA;3.092105263157894;Vlissingen
1963;20;Vlissingen;-143;0.009;psmsl;NA;-20.907894736842106;Vlissingen
1964;20;Vlissingen;-115;0.003;psmsl;NA;-26.907894736842106;Vlissingen
1965;20;Vlissingen;-75;0.057;psmsl;NA;27.092105263157894;Vlissingen
1966;20;Vlissingen;-42;0.053;psmsl;NA;23.092105263157894;Vlissingen
1967;20;Vlissingen;-47;0.058;psmsl;NA;28.092105263157894;Vlissingen
1968;20;Vlissingen;-78;0.03;psmsl;NA;0.0921052631578938;Vlissingen
1969;20;Vlissingen;-73;0.025;psmsl;NA;-4.907894736842106;Vlissingen
1970;20;Vlissingen;-58;0.049;psmsl;NA;19.092105263157894;Vlissingen
1971;20;Vlissingen;-115;0.014;psmsl;NA;-15.907894736842106;Vlissingen
1972;20;Vlissingen;-131;-0.002;psmsl;NA;-31.907894736842106;Vlissingen
1973;20;Vlissingen;-79;0.042;psmsl;NA;12.092105263157894;Vlissingen
1974;20;Vlissingen;-62;0.065;psmsl;NA;35.09210526315789;Vlissingen
1975;20;Vlissingen;-99;0.014;psmsl;NA;-15.907894736842106;Vlissingen
1976;20;Vlissingen;-115;0.007;psmsl;NA;-22.907894736842106;Vlissingen
1977;20;Vlissingen;-78;0.05;psmsl;NA;20.092105263157894;Vlissingen
1978;20;Vlissingen;-95;0.035;psmsl;NA;5.092105263157894;Vlissingen
1979;20;Vlissingen;-69;0.031;psmsl;NA;1.0921052631578938;Vlissingen
1980;20;Vlissingen;-53;0.025;psmsl;NA;-4.907894736842106;Vlissingen
1981;20;Vlissingen;-18;0.051;psmsl;NA;21.092105263157894;Vlissingen
1982;20;Vlissingen;-49;0.02;psmsl;NA;-9.907894736842106;Vlissingen
1983;20;Vlissingen;-22;0.051;psmsl;NA;21.092105263157894;Vlissingen
1984;20;Vlissingen;-61;0.021;psmsl;NA;-8.907894736842106;Vlissingen
1985;20;Vlissingen;-54;0.021;psmsl;NA;-8.907894736842106;Vlissingen
1986;20;Vlissingen;-71;0.024;psmsl;NA;-5.907894736842106;Vlissingen
1987;20;Vlissingen;-72;0.007;psmsl;NA;-22.907894736842106;Vlissingen
1988;20;Vlissingen;-10;0.051;psmsl;NA;21.092105263157894;Vlissingen
1989;20;Vlissingen;-43;0.031;psmsl;NA;1.0921052631578938;Vlissingen
1990;20;Vlissingen;-27;0.064;psmsl;NA;34.09210526315789;Vlissingen
1991;20;Vlissingen;-102;0.007;psmsl;NA;-22.907894736842106;Vlissingen
1992;20;Vlissingen;-63;0.027;psmsl;NA;-2.907894736842106;Vlissingen
1993;20;Vlissingen;-57;0.022;psmsl;NA;-7.907894736842106;Vlissingen
1994;20;Vlissingen;-26;0.046;psmsl;NA;16.092105263157894;Vlissingen
1995;20;Vlissingen;-16;0.037;psmsl;NA;7.092105263157894;Vlissingen
1996;20;Vlissingen;-101;-0.019;psmsl;NA;-48.90789473684211;Vlissingen
1997;20;Vlissingen;-67;-0;psmsl;NA;-29.907894736842106;Vlissingen
1998;20;Vlissingen;1;0.057;psmsl;NA;27.092105263157894;Vlissingen
1999;20;Vlissingen;-4;0.054;psmsl;NA;24.092105263157894;Vlissingen
2000;20;Vlissingen;-10;0.043;psmsl;NA;13.092105263157894;Vlissingen
2001;20;Vlissingen;9;0.042;psmsl;NA;12.092105263157894;Vlissingen
2002;20;Vlissingen;-8;0.017;psmsl;NA;-12.907894736842106;Vlissingen
2003;20;Vlissingen;-18;0.002;psmsl;NA;-27.907894736842106;Vlissingen
2004;20;Vlissingen;14;0.037;psmsl;NA;7.092105263157894;Vlissingen
2005;20;Vlissingen;27;0.027;psmsl;NA;-2.907894736842106;Vlissingen
2006;20;Vlissingen;1;0.027;psmsl;NA;-2.907894736842106;Vlissingen
2007;20;Vlissingen;46;0.052;psmsl;NA;22.092105263157894;Vlissingen
2008;20;Vlissingen;19;0.04;psmsl;NA;10.092105263157894;Vlissingen
2009;20;Vlissingen;1;0.025;psmsl;NA;-4.907894736842106;Vlissingen
2010;20;Vlissingen;3;0.024;psmsl;NA;-5.907894736842106;Vlissingen
2011;20;Vlissingen;7;0.03;psmsl;NA;0.0921052631578938;Vlissingen
2012;20;Vlissingen;0;0.027;psmsl;NA;-2.907894736842106;Vlissingen
2013;20;Vlissingen;-14;0.012;psmsl;NA;-17.907894736842106;Vlissingen
2014;20;Vlissingen;24;0.027;psmsl;NA;-2.907894736842106;Vlissingen
2015;20;Vlissingen;27;0.033;psmsl;NA;3.092105263157894;Vlissingen
2016;20;Vlissingen;30;0.013;psmsl;NA;-16.907894736842106;Vlissingen
2017;20;Vlissingen;46;0.041;psmsl;NA;11.092105263157894;Vlissingen
2018;20;Vlissingen;1;-0.002;psmsl;NA;-31.907894736842106;Vlissingen
2019;20;Vlissingen;51;0.034;psmsl;NA;4.092105263157894;Vlissingen
2020;20;Vlissingen;58;0.03;psmsl;NA;0.0921052631578938;Vlissingen
2021;20;Vlissingen;46;0.015;psmsl;NA;-14.907894736842106;Vlissingen
2022;20;Vlissingen;60;0.019;psmsl;NA;-10.907894736842106;Vlissingen
2023;20;Vlissingen;116;0.051;psmsl;NA;21.092105263157894;Vlissingen
2024;20;Vlissingen;129;0.048;psmsl;NA;18.092105263157894;Vlissingen
2025;20;Vlissingen;83;0.007;psmsl;NA;-22.907894736842106;Vlissingen
1864;22;Hoek van Holland;-331;NA;psmsl;NA;0;Hoek van Holland
1865;22;Hoek van Holland;-320;NA;psmsl;NA;0;Hoek van Holland
1866;22;Hoek van Holland;-268;NA;psmsl;NA;0;Hoek van Holland
1867;22;Hoek van Holland;-275;NA;psmsl;NA;0;Hoek van Holland
1868;22;Hoek van Holland;-266;NA;psmsl;NA;0;Hoek van Holland
1869;22;Hoek van Holland;-229;NA;psmsl;NA;0;Hoek van Holland
1870;22;Hoek van Holland;-280;NA;psmsl;NA;0;Hoek van Holland
1871;22;Hoek van Holland;-253;NA;psmsl;NA;0;Hoek van Holland
1872;22;Hoek van Holland;-199;NA;psmsl;NA;0;Hoek van Holland
1873;22;Hoek van Holland;-220;NA;psmsl;NA;0;Hoek van Holland
1874;22;Hoek van Holland;-250;NA;psmsl;NA;0;Hoek van Holland
1875;22;Hoek van Holland;-280;NA;psmsl;NA;0;Hoek van Holland
1876;22;Hoek van Holland;-250;NA;psmsl;NA;0;Hoek van Holland
1877;22;Hoek van Holland;-183;NA;psmsl;NA;0;Hoek van Holland
1878;22;Hoek van Holland;-199;NA;psmsl;NA;0;Hoek van Holland
1879;22;Hoek van Holland;-227;NA;psmsl;NA;0;Hoek van Holland
1880;22;Hoek van Holland;-177;NA;psmsl;NA;0;Hoek van Holland
1881;22;Hoek van Holland;-229;NA;psmsl;NA;0;Hoek van Holland
1882;22;Hoek van Holland;-196;NA;psmsl;NA;0;Hoek van Holland
1883;22;Hoek van Holland;-200;NA;psmsl;NA;0;Hoek van Holland
1884;22;Hoek van Holland;-198;NA;psmsl;NA;0;Hoek van Holland
1885;22;Hoek van Holland;-175;NA;psmsl;NA;0;Hoek van Holland
1886;22;Hoek van Holland;-188;NA;psmsl;NA;0;Hoek van Holland
1887;22;Hoek van Holland;-214;NA;psmsl;NA;0;Hoek van Holland
1888;22;Hoek van Holland;-250;NA;psmsl;NA;0;Hoek van Holland
1889;22;Hoek van Holland;-216;NA;psmsl;NA;0;Hoek van Holland
1890;22;Hoek van Holland;-218;NA;psmsl;NA;0;Hoek van Holland
1891;22;Hoek van Holland;-213;NA;psmsl;NA;0;Hoek van Holland
1892;22;Hoek van Holland;-182;NA;psmsl;NA;0;Hoek van Holland
1893;22;Hoek van Holland;-190;NA;psmsl;NA;0;Hoek van Holland
1894;22;Hoek van Holland;-201;NA;psmsl;NA;0;Hoek van Holland
1895;22;Hoek van Holland;-200;NA;psmsl;NA;0;Hoek van Holland
1896;22;Hoek van Holland;-234;NA;psmsl;NA;0;Hoek van Holland
1897;22;Hoek van Holland;-226;NA;psmsl;NA;0;Hoek van Holland
1898;22;Hoek van Holland;-185;NA;psmsl;NA;0;Hoek van Holland
1899;22;Hoek van Holland;-157;NA;psmsl;NA;0;Hoek van Holland
1900;22;Hoek van Holland;-190;NA;psmsl;NA;0;Hoek van Holland
1901;22;Hoek van Holland;-195;NA;psmsl;NA;0;Hoek van Holland
1902;22;Hoek van Holland;-196;NA;psmsl;NA;0;Hoek van Holland
1903;22;Hoek van Holland;-106;NA;psmsl;NA;0;Hoek van Holland
1904;22;Hoek van Holland;-149;NA;psmsl;NA;0;Hoek van Holland
1905;22;Hoek van Holland;-166;NA;psmsl;NA;0;Hoek van Holland
1906;22;Hoek van Holland;-145;NA;psmsl;NA;0;Hoek van Holland
1907;22;Hoek van Holland;-171;NA;psmsl;NA;0;Hoek van Holland
1908;22;Hoek van Holland;-174;NA;psmsl;NA;0;Hoek van Holland
1909;22;Hoek van Holland;-118;NA;psmsl;NA;0;Hoek van Holland
1910;22;Hoek van Holland;-123;NA;psmsl;NA;0;Hoek van Holland
1911;22;Hoek van Holland;-145;NA;psmsl;NA;0;Hoek van Holland
1912;22;Hoek van Holland;-84;NA;psmsl;NA;0;Hoek van Holland
1913;22;Hoek van Holland;-105;NA;psmsl;NA;0;Hoek van Holland
1914;22;Hoek van Holland;-87;NA;psmsl;NA;0;Hoek van Holland
1915;22;Hoek van Holland;-116;NA;psmsl;NA;0;Hoek van Holland
1916;22;Hoek van Holland;-74;NA;psmsl;NA;0;Hoek van Holland
1917;22;Hoek van Holland;-163;NA;psmsl;NA;0;Hoek van Holland
1918;22;Hoek van Holland;-152;NA;psmsl;NA;0;Hoek van Holland
1919;22;Hoek van Holland;-155;NA;psmsl;NA;0;Hoek van Holland
1920;22;Hoek van Holland;-127;NA;psmsl;NA;0;Hoek van Holland
1921;22;Hoek van Holland;-131;NA;psmsl;NA;0;Hoek van Holland
1922;22;Hoek van Holland;-95;NA;psmsl;NA;0;Hoek van Holland
1923;22;Hoek van Holland;-95;NA;psmsl;NA;0;Hoek van Holland
1924;22;Hoek van Holland;-132;NA;psmsl;NA;0;Hoek van Holland
1925;22;Hoek van Holland;-67;NA;psmsl;NA;0;Hoek van Holland
1926;22;Hoek van Holland;-95;NA;psmsl;NA;0;Hoek van Holland
1927;22;Hoek van Holland;-93;NA;psmsl;NA;0;Hoek van Holland
1928;22;Hoek van Holland;-85;NA;psmsl;NA;0;Hoek van Holland
1929;22;Hoek van Holland;-140;NA;psmsl;NA;0;Hoek van Holland
1930;22;Hoek van Holland;-67;NA;psmsl;NA;0;Hoek van Holland
1931;22;Hoek van Holland;-73;NA;psmsl;NA;0;Hoek van Holland
1932;22;Hoek van Holland;-90;NA;psmsl;NA;0;Hoek van Holland
1933;22;Hoek van Holland;-146;NA;psmsl;NA;0;Hoek van Holland
1934;22;Hoek van Holland;-138;NA;psmsl;NA;0;Hoek van Holland
1935;22;Hoek van Holland;-78;NA;psmsl;NA;0;Hoek van Holland
1936;22;Hoek van Holland;-49;NA;psmsl;NA;0;Hoek van Holland
1937;22;Hoek van Holland;-55;NA;psmsl;NA;0;Hoek van Holland
1938;22;Hoek van Holland;-81;NA;psmsl;NA;0;Hoek van Holland
1939;22;Hoek van Holland;-73;NA;psmsl;NA;0;Hoek van Holland
1940;22;Hoek van Holland;-69;NA;psmsl;NA;0;Hoek van Holland
1941;22;Hoek van Holland;-105;NA;psmsl;NA;0;Hoek van Holland
1942;22;Hoek van Holland;-105;NA;psmsl;NA;0;Hoek van Holland
1943;22;Hoek van Holland;-59;NA;psmsl;NA;0;Hoek van Holland
1944;22;Hoek van Holland;-44;NA;psmsl;NA;0;Hoek van Holland
1945;22;Hoek van Holland;-57;NA;psmsl;NA;0;Hoek van Holland
1946;22;Hoek van Holland;-52;NA;psmsl;NA;0;Hoek van Holland
1947;22;Hoek van Holland;-101;NA;psmsl;NA;0;Hoek van Holland
1948;22;Hoek van Holland;-42;NA;psmsl;NA;0;Hoek van Holland
1949;22;Hoek van Holland;-54;NA;psmsl;NA;0;Hoek van Holland
1950;22;Hoek van Holland;-45;0.055;psmsl;NA;18.05263157894737;Hoek van Holland
1951;22;Hoek van Holland;-56;0.04;psmsl;NA;3.05263157894737;Hoek van Holland
1952;22;Hoek van Holland;-45;0.05;psmsl;NA;13.05263157894737;Hoek van Holland
1953;22;Hoek van Holland;-74;0.008;psmsl;NA;-28.94736842105263;Hoek van Holland
1954;22;Hoek van Holland;-25;0.055;psmsl;NA;18.05263157894737;Hoek van Holland
1955;22;Hoek van Holland;-21;0.047;psmsl;NA;10.05263157894737;Hoek van Holland
1956;22;Hoek van Holland;-83;0.024;psmsl;NA;-12.94736842105263;Hoek van Holland
1957;22;Hoek van Holland;-38;0.037;psmsl;NA;0.05263157894736992;Hoek van Holland
1958;22;Hoek van Holland;-38;0.046;psmsl;NA;9.05263157894737;Hoek van Holland
1959;22;Hoek van Holland;-131;-0.002;psmsl;NA;-38.94736842105263;Hoek van Holland
1960;22;Hoek van Holland;-80;0.039;psmsl;NA;2.05263157894737;Hoek van Holland
1961;22;Hoek van Holland;4;0.057;psmsl;NA;20.05263157894737;Hoek van Holland
1962;22;Hoek van Holland;-55;0.042;psmsl;NA;5.05263157894737;Hoek van Holland
1963;22;Hoek van Holland;-120;0.013;psmsl;NA;-23.94736842105263;Hoek van Holland
1964;22;Hoek van Holland;-107;0.008;psmsl;NA;-28.94736842105263;Hoek van Holland
1965;22;Hoek van Holland;-3;0.064;psmsl;NA;27.05263157894737;Hoek van Holland
1966;22;Hoek van Holland;27;0.06;psmsl;NA;23.05263157894737;Hoek van Holland
1967;22;Hoek van Holland;31;0.074;psmsl;NA;37.05263157894737;Hoek van Holland
1968;22;Hoek van Holland;-21;0.033;psmsl;NA;-3.94736842105263;Hoek van Holland
1969;22;Hoek van Holland;-37;0.026;psmsl;NA;-10.94736842105263;Hoek van Holland
1970;22;Hoek van Holland;-18;0.055;psmsl;NA;18.05263157894737;Hoek van Holland
1971;22;Hoek van Holland;-53;0.018;psmsl;NA;-18.94736842105263;Hoek van Holland
1972;22;Hoek van Holland;-80;-0.001;psmsl;NA;-37.94736842105263;Hoek van Holland
1973;22;Hoek van Holland;4;0.052;psmsl;NA;15.05263157894737;Hoek van Holland
1974;22;Hoek van Holland;8;0.073;psmsl;NA;36.05263157894737;Hoek van Holland
1975;22;Hoek van Holland;-18;0.019;psmsl;NA;-17.94736842105263;Hoek van Holland
1976;22;Hoek van Holland;-44;0.009;psmsl;NA;-27.94736842105263;Hoek van Holland
1977;22;Hoek van Holland;-3;0.058;psmsl;NA;21.05263157894737;Hoek van Holland
1978;22;Hoek van Holland;-13;0.04;psmsl;NA;3.05263157894737;Hoek van Holland
1979;22;Hoek van Holland;14;0.036;psmsl;NA;-0.9473684210526301;Hoek van Holland
1980;22;Hoek van Holland;24;0.03;psmsl;NA;-6.94736842105263;Hoek van Holland
1981;22;Hoek van Holland;72;0.059;psmsl;NA;22.05263157894737;Hoek van Holland
1982;22;Hoek van Holland;53;0.03;psmsl;NA;-6.94736842105263;Hoek van Holland
1983;22;Hoek van Holland;72;0.063;psmsl;NA;26.05263157894737;Hoek van Holland
1984;22;Hoek van Holland;25;0.026;psmsl;NA;-10.94736842105263;Hoek van Holland
1985;22;Hoek van Holland;20;0.027;psmsl;NA;-9.94736842105263;Hoek van Holland
1986;22;Hoek van Holland;28;0.032;psmsl;NA;-4.94736842105263;Hoek van Holland
1987;22;Hoek van Holland;28;0.011;psmsl;NA;-25.94736842105263;Hoek van Holland
1988;22;Hoek van Holland;87;0.061;psmsl;NA;24.05263157894737;Hoek van Holland
1989;22;Hoek van Holland;53;0.04;psmsl;NA;3.05263157894737;Hoek van Holland
1990;22;Hoek van Holland;73;0.079;psmsl;NA;42.05263157894737;Hoek van Holland
1991;22;Hoek van Holland;-14;0.013;psmsl;NA;-23.94736842105263;Hoek van Holland
1992;22;Hoek van Holland;25;0.037;psmsl;NA;0.05263157894736992;Hoek van Holland
1993;22;Hoek van Holland;31;0.027;psmsl;NA;-9.94736842105263;Hoek van Holland
1994;22;Hoek van Holland;64;0.056;psmsl;NA;19.05263157894737;Hoek van Holland
1995;22;Hoek van Holland;74;0.043;psmsl;NA;6.05263157894737;Hoek van Holland
1996;22;Hoek van Holland;-22;-0.023;psmsl;NA;-59.94736842105263;Hoek van Holland
1997;22;Hoek van Holland;24;0.005;psmsl;NA;-31.94736842105263;Hoek van Holland
1998;22;Hoek van Holland;90;0.07;psmsl;NA;33.05263157894737;Hoek van Holland
1999;22;Hoek van Holland;91;0.065;psmsl;NA;28.05263157894737;Hoek van Holland
2000;22;Hoek van Holland;83;0.055;psmsl;NA;18.05263157894737;Hoek van Holland
2001;22;Hoek van Holland;101;0.049;psmsl;NA;12.05263157894737;Hoek van Holland
2002;22;Hoek van Holland;86;0.022;psmsl;NA;-14.94736842105263;Hoek van Holland
2003;22;Hoek van Holland;64;0.006;psmsl;NA;-30.94736842105263;Hoek van Holland
2004;22;Hoek van Holland;87;0.048;psmsl;NA;11.05263157894737;Hoek van Holland
2005;22;Hoek van Holland;75;0.034;psmsl;NA;-2.94736842105263;Hoek van Holland
2006;22;Hoek van Holland;72;0.036;psmsl;NA;-0.9473684210526301;Hoek van Holland
2007;22;Hoek van Holland;121;0.061;psmsl;NA;24.05263157894737;Hoek van Holland
2008;22;Hoek van Holland;92;0.051;psmsl;NA;14.05263157894737;Hoek van Holland
2009;22;Hoek van Holland;71;0.031;psmsl;NA;-5.94736842105263;Hoek van Holland
2010;22;Hoek van Holland;80;0.024;psmsl;NA;-12.94736842105263;Hoek van Holland
2011;22;Hoek van Holland;86;0.041;psmsl;NA;4.05263157894737;Hoek van Holland
2012;22;Hoek van Holland;86;0.035;psmsl;NA;-1.94736842105263;Hoek van Holland
2013;22;Hoek van Holland;70;0.014;psmsl;NA;-22.94736842105263;Hoek van Holland
2014;22;Hoek van Holland;101;0.035;psmsl;NA;-1.94736842105263;Hoek van Holland
2015;22;Hoek van Holland;109;0.046;psmsl;NA;9.05263157894737;Hoek van Holland
2016;22;Hoek van Holland;111;0.018;psmsl;NA;-18.94736842105263;Hoek van Holland
2017;22;Hoek van Holland;133;0.052;psmsl;NA;15.05263157894737;Hoek van Holland
2018;22;Hoek van Holland;75;0.001;psmsl;NA;-35.94736842105263;Hoek van Holland
2019;22;Hoek van Holland;138;0.042;psmsl;NA;5.05263157894737;Hoek van Holland
2020;22;Hoek van Holland;136;0.041;psmsl;NA;4.05263157894737;Hoek van Holland
2021;22;Hoek van Holland;128;0.022;psmsl;NA;-14.94736842105263;Hoek van Holland
2022;22;Hoek van Holland;135;0.027;psmsl;NA;-9.94736842105263;Hoek van Holland
2023;22;Hoek van Holland;195;0.061;psmsl;NA;24.05263157894737;Hoek van Holland
2024;22;Hoek van Holland;207;0.057;psmsl;NA;20.05263157894737;Hoek van Holland
2025;22;Hoek van Holland;156;0.013;psmsl;NA;-23.94736842105263;Hoek van Holland
1865;23;Den Helder;-280;NA;psmsl;NA;0;Den Helder
1866;23;Den Helder;-146;NA;psmsl;NA;0;Den Helder
1867;23;Den Helder;-201;NA;psmsl;NA;0;Den Helder
1868;23;Den Helder;-202;NA;psmsl;NA;0;Den Helder
1869;23;Den Helder;-198;NA;psmsl;NA;0;Den Helder
1870;23;Den Helder;-255;NA;psmsl;NA;0;Den Helder
1871;23;Den Helder;-262;NA;psmsl;NA;0;Den Helder
1872;23;Den Helder;-204;NA;psmsl;NA;0;Den Helder
1873;23;Den Helder;-194;NA;psmsl;NA;0;Den Helder
1874;23;Den Helder;-210;NA;psmsl;NA;0;Den Helder
1875;23;Den Helder;-256;NA;psmsl;NA;0;Den Helder
1876;23;Den Helder;-192;NA;psmsl;NA;0;Den Helder
1877;23;Den Helder;-108;NA;psmsl;NA;0;Den Helder
1878;23;Den Helder;-131;NA;psmsl;NA;0;Den Helder
1879;23;Den Helder;-190;NA;psmsl;NA;0;Den Helder
1880;23;Den Helder;-159;NA;psmsl;NA;0;Den Helder
1881;23;Den Helder;-208;NA;psmsl;NA;0;Den Helder
1882;23;Den Helder;-178;NA;psmsl;NA;0;Den Helder
1883;23;Den Helder;-188;NA;psmsl;NA;0;Den Helder
1884;23;Den Helder;-174;NA;psmsl;NA;0;Den Helder
1885;23;Den Helder;-194;NA;psmsl;NA;0;Den Helder
1886;23;Den Helder;-183;NA;psmsl;NA;0;Den Helder
1887;23;Den Helder;-226;NA;psmsl;NA;0;Den Helder
1888;23;Den Helder;-221;NA;psmsl;NA;0;Den Helder
1889;23;Den Helder;-181;NA;psmsl;NA;0;Den Helder
1890;23;Den Helder;-191;NA;psmsl;NA;0;Den Helder
1891;23;Den Helder;-157;NA;psmsl;NA;0;Den Helder
1892;23;Den Helder;-156;NA;psmsl;NA;0;Den Helder
1893;23;Den Helder;-136;NA;psmsl;NA;0;Den Helder
1894;23;Den Helder;-138;NA;psmsl;NA;0;Den Helder
1895;23;Den Helder;-162;NA;psmsl;NA;0;Den Helder
1896;23;Den Helder;-183;NA;psmsl;NA;0;Den Helder
1897;23;Den Helder;-173;NA;psmsl;NA;0;Den Helder
1898;23;Den Helder;-131;NA;psmsl;NA;0;Den Helder
1899;23;Den Helder;-132;NA;psmsl;NA;0;Den Helder
1900;23;Den Helder;-175;NA;psmsl;NA;0;Den Helder
1901;23;Den Helder;-223;NA;psmsl;NA;0;Den Helder
1902;23;Den Helder;-260;NA;psmsl;NA;0;Den Helder
1903;23;Den Helder;-165;NA;psmsl;NA;0;Den Helder
1904;23;Den Helder;-133;NA;psmsl;NA;0;Den Helder
1905;23;Den Helder;-171;NA;psmsl;NA;0;Den Helder
1906;23;Den Helder;-129;NA;psmsl;NA;0;Den Helder
1907;23;Den Helder;-157;NA;psmsl;NA;0;Den Helder
1908;23;Den Helder;-176;NA;psmsl;NA;0;Den Helder
1909;23;Den Helder;-129;NA;psmsl;NA;0;Den Helder
1910;23;Den Helder;-112;NA;psmsl;NA;0;Den Helder
1911;23;Den Helder;-142;NA;psmsl;NA;0;Den Helder
1912;23;Den Helder;-90;NA;psmsl;NA;0;Den Helder
1913;23;Den Helder;-132;NA;psmsl;NA;0;Den Helder
1914;23;Den Helder;-96;NA;psmsl;NA;0;Den Helder
1915;23;Den Helder;-127;NA;psmsl;NA;0;Den Helder
1916;23;Den Helder;-98;NA;psmsl;NA;0;Den Helder
1917;23;Den Helder;-152;NA;psmsl;NA;0;Den Helder
1918;23;Den Helder;-135;NA;psmsl;NA;0;Den Helder
1919;23;Den Helder;-137;NA;psmsl;NA;0;Den Helder
1920;23;Den Helder;-147;NA;psmsl;NA;0;Den Helder
1921;23;Den Helder;-135;NA;psmsl;NA;0;Den Helder
1922;23;Den Helder;-148;NA;psmsl;NA;0;Den Helder
1923;23;Den Helder;-125;NA;psmsl;NA;0;Den Helder
1924;23;Den Helder;-144;NA;psmsl;NA;0;Den Helder
1925;23;Den Helder;-102;NA;psmsl;NA;0;Den Helder
1926;23;Den Helder;-133;NA;psmsl;NA;0;Den Helder
1927;23;Den Helder;-133;NA;psmsl;NA;0;Den Helder
1928;23;Den Helder;-118;NA;psmsl;NA;0;Den Helder
1929;23;Den Helder;-152;NA;psmsl;NA;0;Den Helder
1930;23;Den Helder;-101;NA;psmsl;NA;0;Den Helder
1931;23;Den Helder;-96;NA;psmsl;NA;0;Den Helder
1932;23;Den Helder;-109;NA;psmsl;NA;0;Den Helder
1933;23;Den Helder;-166;NA;psmsl;NA;0;Den Helder
1934;23;Den Helder;-160;NA;psmsl;NA;0;Den Helder
1935;23;Den Helder;-105;NA;psmsl;NA;0;Den Helder
1936;23;Den Helder;-93;NA;psmsl;NA;0;Den Helder
1937;23;Den Helder;-108;NA;psmsl;NA;0;Den Helder
1938;23;Den Helder;-23;NA;psmsl;NA;0;Den Helder
1939;23;Den Helder;-137;NA;psmsl;NA;0;Den Helder
1940;23;Den Helder;-118;NA;psmsl;NA;0;Den Helder
1941;23;Den Helder;-157;NA;psmsl;NA;0;Den Helder
1942;23;Den Helder;-143;NA;psmsl;NA;0;Den Helder
1943;23;Den Helder;-92;NA;psmsl;NA;0;Den Helder
1944;23;Den Helder;-88;NA;psmsl;NA;0;Den Helder
1945;23;Den Helder;-82;NA;psmsl;NA;0;Den Helder
1946;23;Den Helder;-97;NA;psmsl;NA;0;Den Helder
1947;23;Den Helder;-183;NA;psmsl;NA;0;Den Helder
1948;23;Den Helder;-100;NA;psmsl;NA;0;Den Helder
1949;23;Den Helder;-63;NA;psmsl;NA;0;Den Helder
1950;23;Den Helder;-70;0.072;psmsl;NA;24.10526315789474;Den Helder
1951;23;Den Helder;-94;0.054;psmsl;NA;6.10526315789474;Den Helder
1952;23;Den Helder;-78;0.058;psmsl;NA;10.10526315789474;Den Helder
1953;23;Den Helder;-107;0.02;psmsl;NA;-27.89473684210526;Den Helder
1954;23;Den Helder;-65;0.072;psmsl;NA;24.10526315789474;Den Helder
1955;23;Den Helder;-58;0.052;psmsl;NA;4.10526315789474;Den Helder
1956;23;Den Helder;-136;0.03;psmsl;NA;-17.89473684210526;Den Helder
1957;23;Den Helder;-115;0.048;psmsl;NA;0.10526315789473983;Den Helder
1958;23;Den Helder;-78;0.051;psmsl;NA;3.10526315789474;Den Helder
1959;23;Den Helder;-117;0.003;psmsl;NA;-44.89473684210526;Den Helder
1960;23;Den Helder;-85;0.042;psmsl;NA;-5.89473684210526;Den Helder
1961;23;Den Helder;-33;0.071;psmsl;NA;23.10526315789474;Den Helder
1962;23;Den Helder;-86;0.055;psmsl;NA;7.10526315789474;Den Helder
1963;23;Den Helder;-131;0.018;psmsl;NA;-29.89473684210526;Den Helder
1964;23;Den Helder;-89;0.015;psmsl;NA;-32.89473684210526;Den Helder
1965;23;Den Helder;-29;0.074;psmsl;NA;26.10526315789474;Den Helder
1966;23;Den Helder;-3;0.066;psmsl;NA;18.10526315789474;Den Helder
1967;23;Den Helder;19;0.098;psmsl;NA;50.10526315789474;Den Helder
1968;23;Den Helder;-60;0.036;psmsl;NA;-11.89473684210526;Den Helder
1969;23;Den Helder;-90;0.023;psmsl;NA;-24.89473684210526;Den Helder
1970;23;Den Helder;-65;0.062;psmsl;NA;14.10526315789474;Den Helder
1971;23;Den Helder;-120;0.025;psmsl;NA;-22.89473684210526;Den Helder
1972;23;Den Helder;-132;0.002;psmsl;NA;-45.89473684210526;Den Helder
1973;23;Den Helder;-80;0.065;psmsl;NA;17.10526315789474;Den Helder
1974;23;Den Helder;-82;0.085;psmsl;NA;37.10526315789474;Den Helder
1975;23;Den Helder;-108;0.027;psmsl;NA;-20.89473684210526;Den Helder
1976;23;Den Helder;-121;0.011;psmsl;NA;-36.89473684210526;Den Helder
1977;23;Den Helder;-42;0.068;psmsl;NA;20.10526315789474;Den Helder
1978;23;Den Helder;-63;0.046;psmsl;NA;-1.8947368421052602;Den Helder
1979;23;Den Helder;-57;0.044;psmsl;NA;-3.89473684210526;Den Helder
1980;23;Den Helder;-43;0.036;psmsl;NA;-11.89473684210526;Den Helder
1981;23;Den Helder;-5;0.07;psmsl;NA;22.10526315789474;Den Helder
1982;23;Den Helder;-29;0.047;psmsl;NA;-0.8947368421052602;Den Helder
1983;23;Den Helder;13;0.082;psmsl;NA;34.10526315789474;Den Helder
1984;23;Den Helder;-40;0.033;psmsl;NA;-14.89473684210526;Den Helder
1985;23;Den Helder;-38;0.039;psmsl;NA;-8.89473684210526;Den Helder
1986;23;Den Helder;-38;0.045;psmsl;NA;-2.89473684210526;Den Helder
1987;23;Den Helder;-57;0.016;psmsl;NA;-31.89473684210526;Den Helder
1988;23;Den Helder;30;0.077;psmsl;NA;29.10526315789474;Den Helder
1989;23;Den Helder;-18;0.056;psmsl;NA;8.10526315789474;Den Helder
1990;23;Den Helder;28;0.107;psmsl;NA;59.10526315789474;Den Helder
1991;23;Den Helder;-77;0.025;psmsl;NA;-22.89473684210526;Den Helder
1992;23;Den Helder;-29;0.052;psmsl;NA;4.10526315789474;Den Helder
1993;23;Den Helder;-41;0.035;psmsl;NA;-12.89473684210526;Den Helder
1994;23;Den Helder;5;0.071;psmsl;NA;23.10526315789474;Den Helder
1995;23;Den Helder;0;0.053;psmsl;NA;5.10526315789474;Den Helder
1996;23;Den Helder;-110;-0.03;psmsl;NA;-77.89473684210526;Den Helder
1997;23;Den Helder;-62;0.016;psmsl;NA;-31.89473684210526;Den Helder
1998;23;Den Helder;18;0.088;psmsl;NA;40.10526315789474;Den Helder
1999;23;Den Helder;13;0.082;psmsl;NA;34.10526315789474;Den Helder
2000;23;Den Helder;11;0.074;psmsl;NA;26.10526315789474;Den Helder
2001;23;Den Helder;10;0.056;psmsl;NA;8.10526315789474;Den Helder
2002;23;Den Helder;-2;0.031;psmsl;NA;-16.89473684210526;Den Helder
2003;23;Den Helder;-12;0.014;psmsl;NA;-33.89473684210526;Den Helder
2004;23;Den Helder;20;0.063;psmsl;NA;15.10526315789474;Den Helder
2005;23;Den Helder;-7;0.042;psmsl;NA;-5.89473684210526;Den Helder
2006;23;Den Helder;-5;0.051;psmsl;NA;3.10526315789474;Den Helder
2007;23;Den Helder;42;0.074;psmsl;NA;26.10526315789474;Den Helder
2008;23;Den Helder;17;0.07;psmsl;NA;22.10526315789474;Den Helder
2009;23;Den Helder;-17;0.04;psmsl;NA;-7.89473684210526;Den Helder
2010;23;Den Helder;-30;0.02;psmsl;NA;-27.89473684210526;Den Helder
2011;23;Den Helder;17;0.06;psmsl;NA;12.10526315789474;Den Helder
2012;23;Den Helder;2;0.048;psmsl;NA;0.10526315789473983;Den Helder
2013;23;Den Helder;-27;0.02;psmsl;NA;-27.89473684210526;Den Helder
2014;23;Den Helder;6;0.048;psmsl;NA;0.10526315789473983;Den Helder
2015;23;Den Helder;36;0.071;psmsl;NA;23.10526315789474;Den Helder
2016;23;Den Helder;17;0.028;psmsl;NA;-19.89473684210526;Den Helder
2017;23;Den Helder;56;0.069;psmsl;NA;21.10526315789474;Den Helder
2018;23;Den Helder;-11;0.006;psmsl;NA;-41.89473684210526;Den Helder
2019;23;Den Helder;71;0.057;psmsl;NA;9.10526315789474;Den Helder
2020;23;Den Helder;70;0.061;psmsl;NA;13.10526315789474;Den Helder
2021;23;Den Helder;42;0.031;psmsl;NA;-16.89473684210526;Den Helder
2022;23;Den Helder;67;0.043;psmsl;NA;-4.89473684210526;Den Helder
2023;23;Den Helder;123;0.075;psmsl;NA;27.10526315789474;Den Helder
2024;23;Den Helder;134;0.069;psmsl;NA;21.10526315789474;Den Helder
2025;23;Den Helder;85;0.026;psmsl;NA;-21.89473684210526;Den Helder
1865;24;Delfzijl;-170;NA;psmsl;NA;0;Delfzijl
1866;24;Delfzijl;-77;NA;psmsl;NA;0;Delfzijl
1867;24;Delfzijl;-54;NA;psmsl;NA;0;Delfzijl
1868;24;Delfzijl;-88;NA;psmsl;NA;0;Delfzijl
1869;24;Delfzijl;-71;NA;psmsl;NA;0;Delfzijl
1870;24;Delfzijl;-165;NA;psmsl;NA;0;Delfzijl
1871;24;Delfzijl;-153;NA;psmsl;NA;0;Delfzijl
1872;24;Delfzijl;-117;NA;psmsl;NA;0;Delfzijl
1873;24;Delfzijl;-86;NA;psmsl;NA;0;Delfzijl
1874;24;Delfzijl;-74;NA;psmsl;NA;0;Delfzijl
1875;24;Delfzijl;-161;NA;psmsl;NA;0;Delfzijl
1876;24;Delfzijl;-130;NA;psmsl;NA;0;Delfzijl
1877;24;Delfzijl;17;NA;psmsl;NA;0;Delfzijl
1878;24;Delfzijl;-57;NA;psmsl;NA;0;Delfzijl
1879;24;Delfzijl;-142;NA;psmsl;NA;0;Delfzijl
1880;24;Delfzijl;-85;NA;psmsl;NA;0;Delfzijl
1881;24;Delfzijl;-151;NA;psmsl;NA;0;Delfzijl
1882;24;Delfzijl;-122;NA;psmsl;NA;0;Delfzijl
1883;24;Delfzijl;-170;NA;psmsl;NA;0;Delfzijl
1884;24;Delfzijl;-153;NA;psmsl;NA;0;Delfzijl
1885;24;Delfzijl;-147;NA;psmsl;NA;0;Delfzijl
1886;24;Delfzijl;-166;NA;psmsl;NA;0;Delfzijl
1887;24;Delfzijl;-133;NA;psmsl;NA;0;Delfzijl
1888;24;Delfzijl;-165;NA;psmsl;NA;0;Delfzijl
1889;24;Delfzijl;-129;NA;psmsl;NA;0;Delfzijl
1890;24;Delfzijl;-151;NA;psmsl;NA;0;Delfzijl
1891;24;Delfzijl;-127;NA;psmsl;NA;0;Delfzijl
1892;24;Delfzijl;-127;NA;psmsl;NA;0;Delfzijl
1893;24;Delfzijl;-83;NA;psmsl;NA;0;Delfzijl
1894;24;Delfzijl;-116;NA;psmsl;NA;0;Delfzijl
1895;24;Delfzijl;-128;NA;psmsl;NA;0;Delfzijl
1896;24;Delfzijl;-122;NA;psmsl;NA;0;Delfzijl
1897;24;Delfzijl;-122;NA;psmsl;NA;0;Delfzijl
1898;24;Delfzijl;-65;NA;psmsl;NA;0;Delfzijl
1899;24;Delfzijl;-91;NA;psmsl;NA;0;Delfzijl
1900;24;Delfzijl;-112;NA;psmsl;NA;0;Delfzijl
1901;24;Delfzijl;-130;NA;psmsl;NA;0;Delfzijl
1902;24;Delfzijl;-161;NA;psmsl;NA;0;Delfzijl
1903;24;Delfzijl;-36;NA;psmsl;NA;0;Delfzijl
1904;24;Delfzijl;-134;NA;psmsl;NA;0;Delfzijl
1905;24;Delfzijl;-196;NA;psmsl;NA;0;Delfzijl
1906;24;Delfzijl;-115;NA;psmsl;NA;0;Delfzijl
1907;24;Delfzijl;-130;NA;psmsl;NA;0;Delfzijl
1908;24;Delfzijl;-123;NA;psmsl;NA;0;Delfzijl
1909;24;Delfzijl;-76;NA;psmsl;NA;0;Delfzijl
1910;24;Delfzijl;-66;NA;psmsl;NA;0;Delfzijl
1911;24;Delfzijl;-54;NA;psmsl;NA;0;Delfzijl
1912;24;Delfzijl;14;NA;psmsl;NA;0;Delfzijl
1913;24;Delfzijl;-45;NA;psmsl;NA;0;Delfzijl
1914;24;Delfzijl;-40;NA;psmsl;NA;0;Delfzijl
1915;24;Delfzijl;-80;NA;psmsl;NA;0;Delfzijl
1916;24;Delfzijl;-9;NA;psmsl;NA;0;Delfzijl
1917;24;Delfzijl;-73;NA;psmsl;NA;0;Delfzijl
1918;24;Delfzijl;-87;NA;psmsl;NA;0;Delfzijl
1919;24;Delfzijl;-112;NA;psmsl;NA;0;Delfzijl
1920;24;Delfzijl;-85;NA;psmsl;NA;0;Delfzijl
1921;24;Delfzijl;-17;NA;psmsl;NA;0;Delfzijl
1922;24;Delfzijl;-76;NA;psmsl;NA;0;Delfzijl
1923;24;Delfzijl;-52;NA;psmsl;NA;0;Delfzijl
1924;24;Delfzijl;-87;NA;psmsl;NA;0;Delfzijl
1925;24;Delfzijl;-5;NA;psmsl;NA;0;Delfzijl
1926;24;Delfzijl;-17;NA;psmsl;NA;0;Delfzijl
1927;24;Delfzijl;-43;NA;psmsl;NA;0;Delfzijl
1928;24;Delfzijl;-30;NA;psmsl;NA;0;Delfzijl
1929;24;Delfzijl;-69;NA;psmsl;NA;0;Delfzijl
1930;24;Delfzijl;-47;NA;psmsl;NA;0;Delfzijl
1931;24;Delfzijl;-17;NA;psmsl;NA;0;Delfzijl
1932;24;Delfzijl;-34;NA;psmsl;NA;0;Delfzijl
1933;24;Delfzijl;-79;NA;psmsl;NA;0;Delfzijl
1934;24;Delfzijl;-57;NA;psmsl;NA;0;Delfzijl
1935;24;Delfzijl;-14;NA;psmsl;NA;0;Delfzijl
1936;24;Delfzijl;-15;NA;psmsl;NA;0;Delfzijl
1937;24;Delfzijl;-52;NA;psmsl;NA;0;Delfzijl
1938;24;Delfzijl;-5;NA;psmsl;NA;0;Delfzijl
1939;24;Delfzijl;-68;NA;psmsl;NA;0;Delfzijl
1940;24;Delfzijl;-47;NA;psmsl;NA;0;Delfzijl
1941;24;Delfzijl;-99;NA;psmsl;NA;0;Delfzijl
1942;24;Delfzijl;-78;NA;psmsl;NA;0;Delfzijl
1943;24;Delfzijl;-10;NA;psmsl;NA;0;Delfzijl
1944;24;Delfzijl;21;NA;psmsl;NA;0;Delfzijl
1945;24;Delfzijl;22;NA;psmsl;NA;0;Delfzijl
1946;24;Delfzijl;-5;NA;psmsl;NA;0;Delfzijl
1947;24;Delfzijl;-106;NA;psmsl;NA;0;Delfzijl
1948;24;Delfzijl;-10;NA;psmsl;NA;0;Delfzijl
1949;24;Delfzijl;13;NA;psmsl;NA;0;Delfzijl
1950;24;Delfzijl;-21;0.076;psmsl;NA;16.986842105263158;Delfzijl
1951;24;Delfzijl;-47;0.055;psmsl;NA;-4.0131578947368425;Delfzijl
1952;24;Delfzijl;2;0.069;psmsl;NA;9.986842105263158;Delfzijl
1953;24;Delfzijl;-27;0.035;psmsl;NA;-24.013157894736842;Delfzijl
1954;24;Delfzijl;-19;0.08;psmsl;NA;20.986842105263158;Delfzijl
1955;24;Delfzijl;4;0.069;psmsl;NA;9.986842105263158;Delfzijl
1956;24;Delfzijl;-40;0.047;psmsl;NA;-12.013157894736842;Delfzijl
1957;24;Delfzijl;-20;0.06;psmsl;NA;0.9868421052631575;Delfzijl
1958;24;Delfzijl;-30;0.054;psmsl;NA;-5.0131578947368425;Delfzijl
1959;24;Delfzijl;-63;0.012;psmsl;NA;-47.01315789473684;Delfzijl
1960;24;Delfzijl;-15;0.033;psmsl;NA;-26.013157894736842;Delfzijl
1961;24;Delfzijl;86;0.08;psmsl;NA;20.986842105263158;Delfzijl
1962;24;Delfzijl;16;0.074;psmsl;NA;14.986842105263158;Delfzijl
1963;24;Delfzijl;-29;0.025;psmsl;NA;-34.01315789473684;Delfzijl
1964;24;Delfzijl;-14;0.031;psmsl;NA;-28.013157894736842;Delfzijl
1965;24;Delfzijl;0;0.08;psmsl;NA;20.986842105263158;Delfzijl
1966;24;Delfzijl;30;0.063;psmsl;NA;3.9868421052631575;Delfzijl
1967;24;Delfzijl;103;0.113;psmsl;NA;53.98684210526316;Delfzijl
1968;24;Delfzijl;37;0.041;psmsl;NA;-18.013157894736842;Delfzijl
1969;24;Delfzijl;12;0.024;psmsl;NA;-35.01315789473684;Delfzijl
1970;24;Delfzijl;62;0.07;psmsl;NA;10.986842105263158;Delfzijl
1971;24;Delfzijl;26;0.041;psmsl;NA;-18.013157894736842;Delfzijl
1972;24;Delfzijl;-57;0.006;psmsl;NA;-53.01315789473684;Delfzijl
1973;24;Delfzijl;35;0.09;psmsl;NA;30.986842105263158;Delfzijl
1974;24;Delfzijl;35;0.087;psmsl;NA;27.986842105263158;Delfzijl
1975;24;Delfzijl;7;0.041;psmsl;NA;-18.013157894736842;Delfzijl
1976;24;Delfzijl;-22;0.026;psmsl;NA;-33.01315789473684;Delfzijl
1977;24;Delfzijl;15;0.073;psmsl;NA;13.986842105263158;Delfzijl
1978;24;Delfzijl;15;0.053;psmsl;NA;-6.0131578947368425;Delfzijl
1979;24;Delfzijl;1;0.042;psmsl;NA;-17.013157894736842;Delfzijl
1980;24;Delfzijl;45;0.047;psmsl;NA;-12.013157894736842;Delfzijl
1981;24;Delfzijl;107;0.087;psmsl;NA;27.986842105263158;Delfzijl
1982;24;Delfzijl;79;0.059;psmsl;NA;-0.01315789473684248;Delfzijl
1983;24;Delfzijl;128;0.104;psmsl;NA;44.98684210526316;Delfzijl
1984;24;Delfzijl;31;0.043;psmsl;NA;-16.013157894736842;Delfzijl
1985;24;Delfzijl;47;0.054;psmsl;NA;-5.0131578947368425;Delfzijl
1986;24;Delfzijl;19;0.058;psmsl;NA;-1.0131578947368425;Delfzijl
1987;24;Delfzijl;23;0.025;psmsl;NA;-34.01315789473684;Delfzijl
1988;24;Delfzijl;111;0.089;psmsl;NA;29.986842105263158;Delfzijl
1989;24;Delfzijl;75;0.075;psmsl;NA;15.986842105263158;Delfzijl
1990;24;Delfzijl;124;0.129;psmsl;NA;69.98684210526315;Delfzijl
1991;24;Delfzijl;9;0.048;psmsl;NA;-11.013157894736842;Delfzijl
1992;24;Delfzijl;57;0.066;psmsl;NA;6.9868421052631575;Delfzijl
1993;24;Delfzijl;54;0.051;psmsl;NA;-8.013157894736842;Delfzijl
1994;24;Delfzijl;93;0.082;psmsl;NA;22.986842105263158;Delfzijl
1995;24;Delfzijl;106;0.07;psmsl;NA;10.986842105263158;Delfzijl
1996;24;Delfzijl;-37;-0.022;psmsl;NA;-81.01315789473685;Delfzijl
1997;24;Delfzijl;39;0.033;psmsl;NA;-26.013157894736842;Delfzijl
1998;24;Delfzijl;131;0.096;psmsl;NA;36.98684210526316;Delfzijl
1999;24;Delfzijl;123;0.092;psmsl;NA;32.98684210526316;Delfzijl
2000;24;Delfzijl;117;0.08;psmsl;NA;20.986842105263158;Delfzijl
2001;24;Delfzijl;126;0.063;psmsl;NA;3.9868421052631575;Delfzijl
2002;24;Delfzijl;106;0.038;psmsl;NA;-21.013157894736842;Delfzijl
2003;24;Delfzijl;86;0.032;psmsl;NA;-27.013157894736842;Delfzijl
2004;24;Delfzijl;116;0.076;psmsl;NA;16.986842105263158;Delfzijl
2005;24;Delfzijl;81;0.056;psmsl;NA;-3.0131578947368425;Delfzijl
2006;24;Delfzijl;80;0.063;psmsl;NA;3.9868421052631575;Delfzijl
2007;24;Delfzijl;155;0.095;psmsl;NA;35.98684210526316;Delfzijl
2008;24;Delfzijl;117;0.083;psmsl;NA;23.986842105263158;Delfzijl
2009;24;Delfzijl;81;0.047;psmsl;NA;-12.013157894736842;Delfzijl
2010;24;Delfzijl;67;0.025;psmsl;NA;-34.01315789473684;Delfzijl
2011;24;Delfzijl;122;0.076;psmsl;NA;16.986842105263158;Delfzijl
2012;24;Delfzijl;106;0.061;psmsl;NA;1.9868421052631575;Delfzijl
2013;24;Delfzijl;82;0.03;psmsl;NA;-29.013157894736842;Delfzijl
2014;24;Delfzijl;126;0.052;psmsl;NA;-7.0131578947368425;Delfzijl
2015;24;Delfzijl;179;0.095;psmsl;NA;35.98684210526316;Delfzijl
2016;24;Delfzijl;144;0.036;psmsl;NA;-23.013157894736842;Delfzijl
2017;24;Delfzijl;202;0.088;psmsl;NA;28.986842105263158;Delfzijl
2018;24;Delfzijl;105;0.016;psmsl;NA;-43.01315789473684;Delfzijl
2019;24;Delfzijl;195;0.067;psmsl;NA;7.9868421052631575;Delfzijl
2020;24;Delfzijl;205;0.072;psmsl;NA;12.986842105263158;Delfzijl
2021;24;Delfzijl;182;0.042;psmsl;NA;-17.013157894736842;Delfzijl
2022;24;Delfzijl;165;0.061;psmsl;NA;1.9868421052631575;Delfzijl
2023;24;Delfzijl;223;0.083;psmsl;NA;23.986842105263158;Delfzijl
2024;24;Delfzijl;218;0.073;psmsl;NA;13.986842105263158;Delfzijl
2025;24;Delfzijl;183;0.039;psmsl;NA;-20.013157894736842;Delfzijl
1865;25;Harlingen;-248;NA;psmsl;NA;0;Harlingen
1866;25;Harlingen;-104;NA;psmsl;NA;0;Harlingen
1867;25;Harlingen;-133;NA;psmsl;NA;0;Harlingen
1868;25;Harlingen;-123;NA;psmsl;NA;0;Harlingen
1869;25;Harlingen;-141;NA;psmsl;NA;0;Harlingen
1870;25;Harlingen;-243;NA;psmsl;NA;0;Harlingen
1871;25;Harlingen;-167;NA;psmsl;NA;0;Harlingen
1872;25;Harlingen;-112;NA;psmsl;NA;0;Harlingen
1873;25;Harlingen;-98;NA;psmsl;NA;0;Harlingen
1874;25;Harlingen;-107;NA;psmsl;NA;0;Harlingen
1875;25;Harlingen;-185;NA;psmsl;NA;0;Harlingen
1876;25;Harlingen;-133;NA;psmsl;NA;0;Harlingen
1877;25;Harlingen;-53;NA;psmsl;NA;0;Harlingen
1878;25;Harlingen;-58;NA;psmsl;NA;0;Harlingen
1879;25;Harlingen;-139;NA;psmsl;NA;0;Harlingen
1880;25;Harlingen;-58;NA;psmsl;NA;0;Harlingen
1881;25;Harlingen;-129;NA;psmsl;NA;0;Harlingen
1882;25;Harlingen;-84;NA;psmsl;NA;0;Harlingen
1883;25;Harlingen;-109;NA;psmsl;NA;0;Harlingen
1884;25;Harlingen;-87;NA;psmsl;NA;0;Harlingen
1885;25;Harlingen;-124;NA;psmsl;NA;0;Harlingen
1886;25;Harlingen;-134;NA;psmsl;NA;0;Harlingen
1887;25;Harlingen;-142;NA;psmsl;NA;0;Harlingen
1888;25;Harlingen;-151;NA;psmsl;NA;0;Harlingen
1889;25;Harlingen;-114;NA;psmsl;NA;0;Harlingen
1890;25;Harlingen;-120;NA;psmsl;NA;0;Harlingen
1891;25;Harlingen;-100;NA;psmsl;NA;0;Harlingen
1892;25;Harlingen;-91;NA;psmsl;NA;0;Harlingen
1893;25;Harlingen;-74;NA;psmsl;NA;0;Harlingen
1894;25;Harlingen;-70;NA;psmsl;NA;0;Harlingen
1895;25;Harlingen;-104;NA;psmsl;NA;0;Harlingen
1896;25;Harlingen;-101;NA;psmsl;NA;0;Harlingen
1897;25;Harlingen;-82;NA;psmsl;NA;0;Harlingen
1898;25;Harlingen;-42;NA;psmsl;NA;0;Harlingen
1899;25;Harlingen;-79;NA;psmsl;NA;0;Harlingen
1900;25;Harlingen;-114;NA;psmsl;NA;0;Harlingen
1901;25;Harlingen;-126;NA;psmsl;NA;0;Harlingen
1902;25;Harlingen;-136;NA;psmsl;NA;0;Harlingen
1903;25;Harlingen;-15;NA;psmsl;NA;0;Harlingen
1904;25;Harlingen;-84;NA;psmsl;NA;0;Harlingen
1905;25;Harlingen;-78;NA;psmsl;NA;0;Harlingen
1906;25;Harlingen;-50;NA;psmsl;NA;0;Harlingen
1907;25;Harlingen;-78;NA;psmsl;NA;0;Harlingen
1908;25;Harlingen;-105;NA;psmsl;NA;0;Harlingen
1909;25;Harlingen;-59;NA;psmsl;NA;0;Harlingen
1910;25;Harlingen;-47;NA;psmsl;NA;0;Harlingen
1911;25;Harlingen;-77;NA;psmsl;NA;0;Harlingen
1912;25;Harlingen;-1;NA;psmsl;NA;0;Harlingen
1913;25;Harlingen;-25;NA;psmsl;NA;0;Harlingen
1914;25;Harlingen;-10;NA;psmsl;NA;0;Harlingen
1915;25;Harlingen;-74;NA;psmsl;NA;0;Harlingen
1916;25;Harlingen;-4;NA;psmsl;NA;0;Harlingen
1917;25;Harlingen;-53;NA;psmsl;NA;0;Harlingen
1918;25;Harlingen;-34;NA;psmsl;NA;0;Harlingen
1919;25;Harlingen;-60;NA;psmsl;NA;0;Harlingen
1920;25;Harlingen;-53;NA;psmsl;NA;0;Harlingen
1921;25;Harlingen;-35;NA;psmsl;NA;0;Harlingen
1922;25;Harlingen;-52;NA;psmsl;NA;0;Harlingen
1923;25;Harlingen;-8;NA;psmsl;NA;0;Harlingen
1924;25;Harlingen;-39;NA;psmsl;NA;0;Harlingen
1925;25;Harlingen;18;NA;psmsl;NA;0;Harlingen
1926;25;Harlingen;6;NA;psmsl;NA;0;Harlingen
1927;25;Harlingen;-10;NA;psmsl;NA;0;Harlingen
1928;25;Harlingen;8;NA;psmsl;NA;0;Harlingen
1929;25;Harlingen;-68;NA;psmsl;NA;0;Harlingen
1930;25;Harlingen;-36;NA;psmsl;NA;0;Harlingen
1931;25;Harlingen;-15;NA;psmsl;NA;0;Harlingen
1932;25;Harlingen;-29;NA;psmsl;NA;0;Harlingen
1933;25;Harlingen;-85;NA;psmsl;NA;0;Harlingen
1934;25;Harlingen;-55;NA;psmsl;NA;0;Harlingen
1935;25;Harlingen;-3;NA;psmsl;NA;0;Harlingen
1936;25;Harlingen;-13;NA;psmsl;NA;0;Harlingen
1937;25;Harlingen;-46;NA;psmsl;NA;0;Harlingen
1938;25;Harlingen;-13;NA;psmsl;NA;0;Harlingen
1939;25;Harlingen;-63;NA;psmsl;NA;0;Harlingen
1940;25;Harlingen;-57;NA;psmsl;NA;0;Harlingen
1941;25;Harlingen;-95;NA;psmsl;NA;0;Harlingen
1942;25;Harlingen;-59;NA;psmsl;NA;0;Harlingen
1943;25;Harlingen;-13;NA;psmsl;NA;0;Harlingen
1944;25;Harlingen;-11;NA;psmsl;NA;0;Harlingen
1945;25;Harlingen;-9;NA;psmsl;NA;0;Harlingen
1946;25;Harlingen;-32;NA;psmsl;NA;0;Harlingen
1947;25;Harlingen;-103;NA;psmsl;NA;0;Harlingen
1948;25;Harlingen;-10;NA;psmsl;NA;0;Harlingen
1949;25;Harlingen;8;NA;psmsl;NA;0;Harlingen
1950;25;Harlingen;2;0.093;psmsl;NA;27.94736842105263;Harlingen
1951;25;Harlingen;-19;0.071;psmsl;NA;5.94736842105263;Harlingen
1952;25;Harlingen;3;0.074;psmsl;NA;8.94736842105263;Harlingen
1953;25;Harlingen;-42;0.037;psmsl;NA;-28.05263157894737;Harlingen
1954;25;Harlingen;-16;0.096;psmsl;NA;30.94736842105263;Harlingen
1955;25;Harlingen;-19;0.064;psmsl;NA;-1.05263157894737;Harlingen
1956;25;Harlingen;-61;0.045;psmsl;NA;-20.05263157894737;Harlingen
1957;25;Harlingen;-15;0.065;psmsl;NA;-0.05263157894736992;Harlingen
1958;25;Harlingen;-9;0.063;psmsl;NA;-2.05263157894737;Harlingen
1959;25;Harlingen;-59;0.012;psmsl;NA;-53.05263157894737;Harlingen
1960;25;Harlingen;-24;0.049;psmsl;NA;-16.05263157894737;Harlingen
1961;25;Harlingen;58;0.091;psmsl;NA;25.94736842105263;Harlingen
1962;25;Harlingen;4;0.076;psmsl;NA;10.94736842105263;Harlingen
1963;25;Harlingen;-73;0.029;psmsl;NA;-36.05263157894737;Harlingen
1964;25;Harlingen;-60;0.029;psmsl;NA;-36.05263157894737;Harlingen
1965;25;Harlingen;11;0.091;psmsl;NA;25.94736842105263;Harlingen
1966;25;Harlingen;27;0.079;psmsl;NA;13.94736842105263;Harlingen
1967;25;Harlingen;89;0.127;psmsl;NA;61.94736842105263;Harlingen
1968;25;Harlingen;-2;0.046;psmsl;NA;-19.05263157894737;Harlingen
1969;25;Harlingen;-3;0.028;psmsl;NA;-37.05263157894737;Harlingen
1970;25;Harlingen;63;0.079;psmsl;NA;13.94736842105263;Harlingen
1971;25;Harlingen;-15;0.037;psmsl;NA;-28.05263157894737;Harlingen
1972;25;Harlingen;-13;0.011;psmsl;NA;-54.05263157894737;Harlingen
1973;25;Harlingen;48;0.086;psmsl;NA;20.94736842105263;Harlingen
1974;25;Harlingen;43;0.104;psmsl;NA;38.94736842105263;Harlingen
1975;25;Harlingen;-8;0.041;psmsl;NA;-24.05263157894737;Harlingen
1976;25;Harlingen;-42;0.02;psmsl;NA;-45.05263157894737;Harlingen
1977;25;Harlingen;21;0.086;psmsl;NA;20.94736842105263;Harlingen
1978;25;Harlingen;-7;0.058;psmsl;NA;-7.05263157894737;Harlingen
1979;25;Harlingen;15;0.056;psmsl;NA;-9.05263157894737;Harlingen
1980;25;Harlingen;52;0.051;psmsl;NA;-14.05263157894737;Harlingen
1981;25;Harlingen;76;0.089;psmsl;NA;23.94736842105263;Harlingen
1982;25;Harlingen;51;0.07;psmsl;NA;4.94736842105263;Harlingen
1983;25;Harlingen;100;0.109;psmsl;NA;43.94736842105263;Harlingen
1984;25;Harlingen;16;0.05;psmsl;NA;-15.05263157894737;Harlingen
1985;25;Harlingen;16;0.057;psmsl;NA;-8.05263157894737;Harlingen
1986;25;Harlingen;18;0.065;psmsl;NA;-0.05263157894736992;Harlingen
1987;25;Harlingen;-11;0.027;psmsl;NA;-38.05263157894737;Harlingen
1988;25;Harlingen;87;0.101;psmsl;NA;35.94736842105263;Harlingen
1989;25;Harlingen;35;0.077;psmsl;NA;11.94736842105263;Harlingen
1990;25;Harlingen;95;0.141;psmsl;NA;75.94736842105263;Harlingen
1991;25;Harlingen;-42;0.045;psmsl;NA;-20.05263157894737;Harlingen
1992;25;Harlingen;9;0.073;psmsl;NA;7.94736842105263;Harlingen
1993;25;Harlingen;3;0.052;psmsl;NA;-13.05263157894737;Harlingen
1994;25;Harlingen;55;0.094;psmsl;NA;28.94736842105263;Harlingen
1995;25;Harlingen;53;0.07;psmsl;NA;4.94736842105263;Harlingen
1996;25;Harlingen;-95;-0.029;psmsl;NA;-94.05263157894737;Harlingen
1997;25;Harlingen;-9;0.031;psmsl;NA;-34.05263157894737;Harlingen
1998;25;Harlingen;89;0.113;psmsl;NA;47.94736842105263;Harlingen
1999;25;Harlingen;80;0.105;psmsl;NA;39.94736842105263;Harlingen
2000;25;Harlingen;77;0.097;psmsl;NA;31.94736842105263;Harlingen
2001;25;Harlingen;67;0.07;psmsl;NA;4.94736842105263;Harlingen
2002;25;Harlingen;53;0.046;psmsl;NA;-19.05263157894737;Harlingen
2003;25;Harlingen;39;0.028;psmsl;NA;-37.05263157894737;Harlingen
2004;25;Harlingen;88;0.085;psmsl;NA;19.94736842105263;Harlingen
2005;25;Harlingen;58;0.058;psmsl;NA;-7.05263157894737;Harlingen
2006;25;Harlingen;65;0.07;psmsl;NA;4.94736842105263;Harlingen
2007;25;Harlingen;122;0.096;psmsl;NA;30.94736842105263;Harlingen
2008;25;Harlingen;98;0.093;psmsl;NA;27.94736842105263;Harlingen
2009;25;Harlingen;52;0.055;psmsl;NA;-10.05263157894737;Harlingen
2010;25;Harlingen;30;0.023;psmsl;NA;-42.05263157894737;Harlingen
2011;25;Harlingen;96;0.085;psmsl;NA;19.94736842105263;Harlingen
2012;25;Harlingen;83;0.068;psmsl;NA;2.94736842105263;Harlingen
2013;25;Harlingen;40;0.03;psmsl;NA;-35.05263157894737;Harlingen
2014;25;Harlingen;93;0.064;psmsl;NA;-1.05263157894737;Harlingen
2015;25;Harlingen;140;0.103;psmsl;NA;37.94736842105263;Harlingen
2016;25;Harlingen;103;0.043;psmsl;NA;-22.05263157894737;Harlingen
2017;25;Harlingen;149;0.092;psmsl;NA;26.94736842105263;Harlingen
2018;25;Harlingen;47;0.014;psmsl;NA;-51.05263157894737;Harlingen
2019;25;Harlingen;140;0.076;psmsl;NA;10.94736842105263;Harlingen
2020;25;Harlingen;153;0.085;psmsl;NA;19.94736842105263;Harlingen
2021;25;Harlingen;117;0.046;psmsl;NA;-19.05263157894737;Harlingen
2022;25;Harlingen;142;0.062;psmsl;NA;-3.05263157894737;Harlingen
2023;25;Harlingen;204;0.095;psmsl;NA;29.94736842105263;Harlingen
2024;25;Harlingen;203;0.085;psmsl;NA;19.94736842105263;Harlingen
2025;25;Harlingen;151;0.041;psmsl;NA;-24.05263157894737;Harlingen
1872;32;IJmuiden;-139;NA;psmsl;NA;0;IJmuiden
1873;32;IJmuiden;-94;NA;psmsl;NA;0;IJmuiden
1874;32;IJmuiden;-104;NA;psmsl;NA;0;IJmuiden
1875;32;IJmuiden;-175;NA;psmsl;NA;0;IJmuiden
1876;32;IJmuiden;-132;NA;psmsl;NA;0;IJmuiden
1877;32;IJmuiden;-32;NA;psmsl;NA;0;IJmuiden
1878;32;IJmuiden;-39;NA;psmsl;NA;0;IJmuiden
1879;32;IJmuiden;-117;NA;psmsl;NA;0;IJmuiden
1880;32;IJmuiden;-97;NA;psmsl;NA;0;IJmuiden
1881;32;IJmuiden;-166;NA;psmsl;NA;0;IJmuiden
1882;32;IJmuiden;-61;NA;psmsl;NA;0;IJmuiden
1883;32;IJmuiden;-102;NA;psmsl;NA;0;IJmuiden
1884;32;IJmuiden;-153;NA;psmsl;NA;0;IJmuiden
1885;32;IJmuiden;-166;NA;psmsl;NA;0;IJmuiden
1886;32;IJmuiden;-161;NA;psmsl;NA;0;IJmuiden
1887;32;IJmuiden;-233;NA;psmsl;NA;0;IJmuiden
1888;32;IJmuiden;-259;NA;psmsl;NA;0;IJmuiden
1889;32;IJmuiden;-206;NA;psmsl;NA;0;IJmuiden
1890;32;IJmuiden;-236;NA;psmsl;NA;0;IJmuiden
1891;32;IJmuiden;-197;NA;psmsl;NA;0;IJmuiden
1892;32;IJmuiden;-164;NA;psmsl;NA;0;IJmuiden
1893;32;IJmuiden;-117;NA;psmsl;NA;0;IJmuiden
1894;32;IJmuiden;-122;NA;psmsl;NA;0;IJmuiden
1895;32;IJmuiden;-224;NA;psmsl;NA;0;IJmuiden
1896;32;IJmuiden;-230;NA;psmsl;NA;0;IJmuiden
1897;32;IJmuiden;-212;NA;psmsl;NA;0;IJmuiden
1898;32;IJmuiden;-178;NA;psmsl;NA;0;IJmuiden
1899;32;IJmuiden;-166;NA;psmsl;NA;0;IJmuiden
1900;32;IJmuiden;-193;NA;psmsl;NA;0;IJmuiden
1901;32;IJmuiden;-199;NA;psmsl;NA;0;IJmuiden
1902;32;IJmuiden;-275;NA;psmsl;NA;0;IJmuiden
1903;32;IJmuiden;-183;NA;psmsl;NA;0;IJmuiden
1904;32;IJmuiden;-220;NA;psmsl;NA;0;IJmuiden
1905;32;IJmuiden;-229;NA;psmsl;NA;0;IJmuiden
1906;32;IJmuiden;-188;NA;psmsl;NA;0;IJmuiden
1907;32;IJmuiden;-238;NA;psmsl;NA;0;IJmuiden
1908;32;IJmuiden;-237;NA;psmsl;NA;0;IJmuiden
1909;32;IJmuiden;-157;NA;psmsl;NA;0;IJmuiden
1910;32;IJmuiden;-143;NA;psmsl;NA;0;IJmuiden
1911;32;IJmuiden;-167;NA;psmsl;NA;0;IJmuiden
1912;32;IJmuiden;-106;NA;psmsl;NA;0;IJmuiden
1913;32;IJmuiden;-126;NA;psmsl;NA;0;IJmuiden
1914;32;IJmuiden;-102;NA;psmsl;NA;0;IJmuiden
1915;32;IJmuiden;-136;NA;psmsl;NA;0;IJmuiden
1916;32;IJmuiden;-87;NA;psmsl;NA;0;IJmuiden
1917;32;IJmuiden;-144;NA;psmsl;NA;0;IJmuiden
1918;32;IJmuiden;-160;NA;psmsl;NA;0;IJmuiden
1919;32;IJmuiden;-210;NA;psmsl;NA;0;IJmuiden
1920;32;IJmuiden;-212;NA;psmsl;NA;0;IJmuiden
1921;32;IJmuiden;-195;NA;psmsl;NA;0;IJmuiden
1922;32;IJmuiden;-195;NA;psmsl;NA;0;IJmuiden
1923;32;IJmuiden;-173;NA;psmsl;NA;0;IJmuiden
1924;32;IJmuiden;-189;NA;psmsl;NA;0;IJmuiden
1925;32;IJmuiden;-143;NA;psmsl;NA;0;IJmuiden
1926;32;IJmuiden;-152;NA;psmsl;NA;0;IJmuiden
1927;32;IJmuiden;-119;NA;psmsl;NA;0;IJmuiden
1928;32;IJmuiden;-99;NA;psmsl;NA;0;IJmuiden
1929;32;IJmuiden;-159;NA;psmsl;NA;0;IJmuiden
1930;32;IJmuiden;-116;NA;psmsl;NA;0;IJmuiden
1931;32;IJmuiden;-115;NA;psmsl;NA;0;IJmuiden
1932;32;IJmuiden;-126;NA;psmsl;NA;0;IJmuiden
1933;32;IJmuiden;-172;NA;psmsl;NA;0;IJmuiden
1934;32;IJmuiden;-154;NA;psmsl;NA;0;IJmuiden
1935;32;IJmuiden;-108;NA;psmsl;NA;0;IJmuiden
1936;32;IJmuiden;-75;NA;psmsl;NA;0;IJmuiden
1937;32;IJmuiden;-77;NA;psmsl;NA;0;IJmuiden
1938;32;IJmuiden;-109;NA;psmsl;NA;0;IJmuiden
1939;32;IJmuiden;-106;NA;psmsl;NA;0;IJmuiden
1940;32;IJmuiden;-111;NA;psmsl;NA;0;IJmuiden
1941;32;IJmuiden;-133;NA;psmsl;NA;0;IJmuiden
1942;32;IJmuiden;-123;NA;psmsl;NA;0;IJmuiden
1943;32;IJmuiden;-66;NA;psmsl;NA;0;IJmuiden
1944;32;IJmuiden;-46;NA;psmsl;NA;0;IJmuiden
1945;32;IJmuiden;-110;NA;psmsl;NA;0;IJmuiden
1946;32;IJmuiden;-121;NA;psmsl;NA;0;IJmuiden
1947;32;IJmuiden;-146;NA;psmsl;NA;0;IJmuiden
1948;32;IJmuiden;-55;NA;psmsl;NA;0;IJmuiden
1949;32;IJmuiden;-51;NA;psmsl;NA;0;IJmuiden
1950;32;IJmuiden;-41;0.067;psmsl;NA;21.460526315789473;IJmuiden
1951;32;IJmuiden;-53;0.05;psmsl;NA;4.460526315789473;IJmuiden
1952;32;IJmuiden;-33;0.057;psmsl;NA;11.460526315789473;IJmuiden
1953;32;IJmuiden;-85;0.016;psmsl;NA;-29.539473684210527;IJmuiden
1954;32;IJmuiden;-63;0.068;psmsl;NA;22.460526315789473;IJmuiden
1955;32;IJmuiden;-38;0.051;psmsl;NA;5.460526315789473;IJmuiden
1956;32;IJmuiden;-95;0.029;psmsl;NA;-16.539473684210527;IJmuiden
1957;32;IJmuiden;-65;0.045;psmsl;NA;-0.5394736842105274;IJmuiden
1958;32;IJmuiden;-64;0.052;psmsl;NA;6.460526315789473;IJmuiden
1959;32;IJmuiden;-91;0.002;psmsl;NA;-43.53947368421053;IJmuiden
1960;32;IJmuiden;-42;0.044;psmsl;NA;-1.5394736842105274;IJmuiden
1961;32;IJmuiden;3;0.068;psmsl;NA;22.460526315789473;IJmuiden
1962;32;IJmuiden;-47;0.051;psmsl;NA;5.460526315789473;IJmuiden
1963;32;IJmuiden;-86;0.018;psmsl;NA;-27.539473684210527;IJmuiden
1964;32;IJmuiden;-74;0.013;psmsl;NA;-32.53947368421053;IJmuiden
1965;32;IJmuiden;-35;0.074;psmsl;NA;28.460526315789473;IJmuiden
1966;32;IJmuiden;7;0.067;psmsl;NA;21.460526315789473;IJmuiden
1967;32;IJmuiden;16;0.091;psmsl;NA;45.46052631578947;IJmuiden
1968;32;IJmuiden;-52;0.037;psmsl;NA;-8.539473684210527;IJmuiden
1969;32;IJmuiden;-67;0.027;psmsl;NA;-18.539473684210527;IJmuiden
1970;32;IJmuiden;-43;0.063;psmsl;NA;17.460526315789473;IJmuiden
1971;32;IJmuiden;-84;0.023;psmsl;NA;-22.539473684210527;IJmuiden
1972;32;IJmuiden;-117;0.003;psmsl;NA;-42.53947368421053;IJmuiden
1973;32;IJmuiden;-51;0.062;psmsl;NA;16.460526315789473;IJmuiden
1974;32;IJmuiden;-42;0.084;psmsl;NA;38.46052631578947;IJmuiden
1975;32;IJmuiden;-86;0.024;psmsl;NA;-21.539473684210527;IJmuiden
1976;32;IJmuiden;-109;0.012;psmsl;NA;-33.53947368421053;IJmuiden
1977;32;IJmuiden;-58;0.067;psmsl;NA;21.460526315789473;IJmuiden
1978;32;IJmuiden;-28;0.046;psmsl;NA;0.46052631578947256;IJmuiden
1979;32;IJmuiden;-38;0.043;psmsl;NA;-2.5394736842105274;IJmuiden
1980;32;IJmuiden;5;0.036;psmsl;NA;-9.539473684210527;IJmuiden
1981;32;IJmuiden;2;0.068;psmsl;NA;22.460526315789473;IJmuiden
1982;32;IJmuiden;-13;0.042;psmsl;NA;-3.5394736842105274;IJmuiden
1983;32;IJmuiden;26;0.076;psmsl;NA;30.460526315789473;IJmuiden
1984;32;IJmuiden;-28;0.033;psmsl;NA;-12.539473684210527;IJmuiden
1985;32;IJmuiden;-30;0.036;psmsl;NA;-9.539473684210527;IJmuiden
1986;32;IJmuiden;-34;0.042;psmsl;NA;-3.5394736842105274;IJmuiden
1987;32;IJmuiden;-34;0.016;psmsl;NA;-29.539473684210527;IJmuiden
1988;32;IJmuiden;30;0.073;psmsl;NA;27.460526315789473;IJmuiden
1989;32;IJmuiden;5;0.051;psmsl;NA;5.460526315789473;IJmuiden
1990;32;IJmuiden;33;0.098;psmsl;NA;52.46052631578947;IJmuiden
1991;32;IJmuiden;-62;0.022;psmsl;NA;-23.539473684210527;IJmuiden
1992;32;IJmuiden;-15;0.048;psmsl;NA;2.4605263157894726;IJmuiden
1993;32;IJmuiden;-21;0.034;psmsl;NA;-11.539473684210527;IJmuiden
1994;32;IJmuiden;21;0.068;psmsl;NA;22.460526315789473;IJmuiden
1995;32;IJmuiden;22;0.051;psmsl;NA;5.460526315789473;IJmuiden
1996;32;IJmuiden;-79;-0.026;psmsl;NA;-71.53947368421052;IJmuiden
1997;32;IJmuiden;-25;0.012;psmsl;NA;-33.53947368421053;IJmuiden
1998;32;IJmuiden;57;0.084;psmsl;NA;38.46052631578947;IJmuiden
1999;32;IJmuiden;49;0.078;psmsl;NA;32.46052631578947;IJmuiden
2000;32;IJmuiden;46;0.069;psmsl;NA;23.460526315789473;IJmuiden
2001;32;IJmuiden;53;0.056;psmsl;NA;10.460526315789473;IJmuiden
2002;32;IJmuiden;42;0.03;psmsl;NA;-15.539473684210527;IJmuiden
2003;32;IJmuiden;33;0.011;psmsl;NA;-34.53947368421053;IJmuiden
2004;32;IJmuiden;52;0.059;psmsl;NA;13.460526315789473;IJmuiden
2005;32;IJmuiden;36;0.041;psmsl;NA;-4.539473684210527;IJmuiden
2006;32;IJmuiden;35;0.046;psmsl;NA;0.46052631578947256;IJmuiden
2007;32;IJmuiden;83;0.071;psmsl;NA;25.460526315789473;IJmuiden
2008;32;IJmuiden;55;0.064;psmsl;NA;18.460526315789473;IJmuiden
2009;32;IJmuiden;14;0.039;psmsl;NA;-6.539473684210527;IJmuiden
2010;32;IJmuiden;2;0.023;psmsl;NA;-22.539473684210527;IJmuiden
2011;32;IJmuiden;33;0.054;psmsl;NA;8.460526315789473;IJmuiden
2012;32;IJmuiden;27;0.045;psmsl;NA;-0.5394736842105274;IJmuiden
2013;32;IJmuiden;3;0.019;psmsl;NA;-26.539473684210527;IJmuiden
2014;32;IJmuiden;50;0.045;psmsl;NA;-0.5394736842105274;IJmuiden
2015;32;IJmuiden;64;0.063;psmsl;NA;17.460526315789473;IJmuiden
2016;32;IJmuiden;57;0.026;psmsl;NA;-19.539473684210527;IJmuiden
2017;32;IJmuiden;87;0.064;psmsl;NA;18.460526315789473;IJmuiden
2018;32;IJmuiden;19;0.004;psmsl;NA;-41.53947368421053;IJmuiden
2019;32;IJmuiden;60;0.053;psmsl;NA;7.460526315789473;IJmuiden
2020;32;IJmuiden;66;0.055;psmsl;NA;9.460526315789473;IJmuiden
2021;32;IJmuiden;46;0.029;psmsl;NA;-16.539473684210527;IJmuiden
2022;32;IJmuiden;69;0.038;psmsl;NA;-7.539473684210527;IJmuiden
2023;32;IJmuiden;126;0.073;psmsl;NA;27.460526315789473;IJmuiden
2024;32;IJmuiden;134;0.067;psmsl;NA;21.460526315789473;IJmuiden
2025;32;IJmuiden;87;0.021;psmsl;NA;-24.539473684210527;IJmuiden
1862;NA;Netherlands;-142;NA;psmsl;calculated;0;Netherlands
1863;NA;Netherlands;-161;NA;psmsl;calculated;0;Netherlands
1864;NA;Netherlands;-263.5;NA;psmsl;calculated;0;Netherlands
1865;NA;Netherlands;-237;NA;psmsl;calculated;0;Netherlands
1866;NA;Netherlands;-138;NA;psmsl;calculated;0;Netherlands
1867;NA;Netherlands;-151.8;NA;psmsl;calculated;0;Netherlands
1868;NA;Netherlands;-156.6;NA;psmsl;calculated;0;Netherlands
1869;NA;Netherlands;-148.2;NA;psmsl;calculated;0;Netherlands
1870;NA;Netherlands;-222.2;NA;psmsl;calculated;0;Netherlands
1871;NA;Netherlands;-201.4;NA;psmsl;calculated;0;Netherlands
1872;NA;Netherlands;-150.5;NA;psmsl;calculated;0;Netherlands
1873;NA;Netherlands;-136.5;NA;psmsl;calculated;0;Netherlands
1874;NA;Netherlands;-148.16666666666666;NA;psmsl;calculated;0;Netherlands
1875;NA;Netherlands;-204.83333333333334;NA;psmsl;calculated;0;Netherlands
1876;NA;Netherlands;-159;NA;psmsl;calculated;0;Netherlands
1877;NA;Netherlands;-72;NA;psmsl;calculated;0;Netherlands
1878;NA;Netherlands;-97.83333333333333;NA;psmsl;calculated;0;Netherlands
1879;NA;Netherlands;-159.83333333333334;NA;psmsl;calculated;0;Netherlands
1880;NA;Netherlands;-115.83333333333333;NA;psmsl;calculated;0;Netherlands
1881;NA;Netherlands;-171.83333333333334;NA;psmsl;calculated;0;Netherlands
1882;NA;Netherlands;-134.16666666666666;NA;psmsl;calculated;0;Netherlands
1883;NA;Netherlands;-156.66666666666666;NA;psmsl;calculated;0;Netherlands
1884;NA;Netherlands;-158.5;NA;psmsl;calculated;0;Netherlands
1885;NA;Netherlands;-168.83333333333334;NA;psmsl;calculated;0;Netherlands
1886;NA;Netherlands;-173.66666666666666;NA;psmsl;calculated;0;Netherlands
1887;NA;Netherlands;-206.16666666666666;NA;psmsl;calculated;0;Netherlands
1888;NA;Netherlands;-228.16666666666666;NA;psmsl;calculated;0;Netherlands
1889;NA;Netherlands;-186.83333333333334;NA;psmsl;calculated;0;Netherlands
1890;NA;Netherlands;-194.66666666666666;NA;psmsl;calculated;0;Netherlands
1891;NA;Netherlands;-179;NA;psmsl;calculated;0;Netherlands
1892;NA;Netherlands;-166.5;NA;psmsl;calculated;0;Netherlands
1893;NA;Netherlands;-142.16666666666666;NA;psmsl;calculated;0;Netherlands
1894;NA;Netherlands;-141.83333333333334;NA;psmsl;calculated;0;Netherlands
1895;NA;Netherlands;-173;NA;psmsl;calculated;0;Netherlands
1896;NA;Netherlands;-185;NA;psmsl;calculated;0;Netherlands
1897;NA;Netherlands;-179.33333333333334;NA;psmsl;calculated;0;Netherlands
1898;NA;Netherlands;-138.33333333333334;NA;psmsl;calculated;0;Netherlands
1899;NA;Netherlands;-141;NA;psmsl;calculated;0;Netherlands
1900;NA;Netherlands;-176.5;NA;psmsl;calculated;0;Netherlands
1901;NA;Netherlands;-196.83333333333334;NA;psmsl;calculated;0;Netherlands
1902;NA;Netherlands;-225.16666666666666;NA;psmsl;calculated;0;Netherlands
1903;NA;Netherlands;-113.83333333333333;NA;psmsl;calculated;0;Netherlands
1904;NA;Netherlands;-151.83333333333334;NA;psmsl;calculated;0;Netherlands
1905;NA;Netherlands;-176.66666666666666;NA;psmsl;calculated;0;Netherlands
1906;NA;Netherlands;-139.83333333333334;NA;psmsl;calculated;0;Netherlands
1907;NA;Netherlands;-162.66666666666666;NA;psmsl;calculated;0;Netherlands
1908;NA;Netherlands;-169.83333333333334;NA;psmsl;calculated;0;Netherlands
1909;NA;Netherlands;-119.5;NA;psmsl;calculated;0;Netherlands
1910;NA;Netherlands;-110.33333333333333;NA;psmsl;calculated;0;Netherlands
1911;NA;Netherlands;-132.33333333333334;NA;psmsl;calculated;0;Netherlands
1912;NA;Netherlands;-70.16666666666667;NA;psmsl;calculated;0;Netherlands
1913;NA;Netherlands;-98.83333333333333;NA;psmsl;calculated;0;Netherlands
1914;NA;Netherlands;-86.5;NA;psmsl;calculated;0;Netherlands
1915;NA;Netherlands;-124.33333333333333;NA;psmsl;calculated;0;Netherlands
1916;NA;Netherlands;-73.33333333333333;NA;psmsl;calculated;0;Netherlands
1917;NA;Netherlands;-127.83333333333333;NA;psmsl;calculated;0;Netherlands
1918;NA;Netherlands;-131.5;NA;psmsl;calculated;0;Netherlands
1919;NA;Netherlands;-153.66666666666666;NA;psmsl;calculated;0;Netherlands
1920;NA;Netherlands;-149.16666666666666;NA;psmsl;calculated;0;Netherlands
1921;NA;Netherlands;-119.33333333333333;NA;psmsl;calculated;0;Netherlands
1922;NA;Netherlands;-126.33333333333333;NA;psmsl;calculated;0;Netherlands
1923;NA;Netherlands;-104;NA;psmsl;calculated;0;Netherlands
1924;NA;Netherlands;-130;NA;psmsl;calculated;0;Netherlands
1925;NA;Netherlands;-75.16666666666667;NA;psmsl;calculated;0;Netherlands
1926;NA;Netherlands;-93;NA;psmsl;calculated;0;Netherlands
1927;NA;Netherlands;-92.16666666666667;NA;psmsl;calculated;0;Netherlands
1928;NA;Netherlands;-79.33333333333333;NA;psmsl;calculated;0;Netherlands
1929;NA;Netherlands;-131.83333333333334;NA;psmsl;calculated;0;Netherlands
1930;NA;Netherlands;-83.33333333333333;NA;psmsl;calculated;0;Netherlands
1931;NA;Netherlands;-74.83333333333333;NA;psmsl;calculated;0;Netherlands
1932;NA;Netherlands;-90;NA;psmsl;calculated;0;Netherlands
1933;NA;Netherlands;-135.66666666666666;NA;psmsl;calculated;0;Netherlands
1934;NA;Netherlands;-121;NA;psmsl;calculated;0;Netherlands
1935;NA;Netherlands;-73.66666666666667;NA;psmsl;calculated;0;Netherlands
1936;NA;Netherlands;-59.333333333333336;NA;psmsl;calculated;0;Netherlands
1937;NA;Netherlands;-74.83333333333333;NA;psmsl;calculated;0;Netherlands
1938;NA;Netherlands;-61.166666666666664;NA;psmsl;calculated;0;Netherlands
1939;NA;Netherlands;-96.83333333333333;NA;psmsl;calculated;0;Netherlands
1940;NA;Netherlands;-89.5;NA;psmsl;calculated;0;Netherlands
1941;NA;Netherlands;-125;NA;psmsl;calculated;0;Netherlands
1942;NA;Netherlands;-109.5;NA;psmsl;calculated;0;Netherlands
1943;NA;Netherlands;-59.333333333333336;NA;psmsl;calculated;0;Netherlands
1944;NA;Netherlands;-49.333333333333336;NA;psmsl;calculated;0;Netherlands
1945;NA;Netherlands;-57.666666666666664;NA;psmsl;calculated;0;Netherlands
1946;NA;Netherlands;-68.5;NA;psmsl;calculated;0;Netherlands
1947;NA;Netherlands;-129.16666666666666;NA;psmsl;calculated;0;Netherlands
1948;NA;Netherlands;-56;NA;psmsl;calculated;0;Netherlands
1949;NA;Netherlands;-42.166666666666664;NA;psmsl;calculated;0;Netherlands
1950;NA;Netherlands;-43.166666666666664;0.068;psmsl;calculated;20.607456140350877;Netherlands
1951;NA;Netherlands;-58.5;0.050333333333333334;psmsl;calculated;2.9407894736842124;Netherlands
1952;NA;Netherlands;-34.166666666666664;0.058833333333333335;psmsl;calculated;11.440789473684212;Netherlands
1953;NA;Netherlands;-73.16666666666667;0.0195;psmsl;calculated;-27.892543859649123;Netherlands
1954;NA;Netherlands;-45.5;0.06933333333333333;psmsl;calculated;21.940789473684205;Netherlands
1955;NA;Netherlands;-36.333333333333336;0.05433333333333333;psmsl;calculated;6.940789473684205;Netherlands
1956;NA;Netherlands;-93.83333333333333;0.03233333333333333;psmsl;calculated;-15.059210526315795;Netherlands
1957;NA;Netherlands;-60.833333333333336;0.0475;psmsl;calculated;0.1074561403508767;Netherlands
1958;NA;Netherlands;-50.666666666666664;0.051333333333333335;psmsl;calculated;3.9407894736842124;Netherlands
1959;NA;Netherlands;-93.16666666666667;0.0038333333333333336;psmsl;calculated;-43.55921052631579;Netherlands
1960;NA;Netherlands;-54.833333333333336;0.0405;psmsl;calculated;-6.892543859649123;Netherlands
1961;NA;Netherlands;12.833333333333334;0.06916666666666667;psmsl;calculated;21.774122807017548;Netherlands
1962;NA;Netherlands;-39.666666666666664;0.05516666666666667;psmsl;calculated;7.774122807017548;Netherlands
1963;NA;Netherlands;-97;0.018666666666666665;psmsl;calculated;-28.72587719298246;Netherlands
1964;NA;Netherlands;-76.5;0.0165;psmsl;calculated;-30.892543859649123;Netherlands
1965;NA;Netherlands;-21.833333333333332;0.07333333333333333;psmsl;calculated;25.940789473684205;Netherlands
1966;NA;Netherlands;7.666666666666667;0.06466666666666666;psmsl;calculated;17.274122807017534;Netherlands
1967;NA;Netherlands;35.166666666666664;0.0935;psmsl;calculated;46.10745614035088;Netherlands
1968;NA;Netherlands;-29.333333333333332;0.03716666666666667;psmsl;calculated;-10.225877192982459;Netherlands
1969;NA;Netherlands;-43;0.025500000000000002;psmsl;calculated;-21.89254385964912;Netherlands
1970;NA;Netherlands;-9.833333333333334;0.063;psmsl;calculated;15.607456140350877;Netherlands
1971;NA;Netherlands;-60.166666666666664;0.026333333333333334;psmsl;calculated;-21.05921052631579;Netherlands
1972;NA;Netherlands;-88.33333333333333;0.0031666666666666666;psmsl;calculated;-44.22587719298246;Netherlands
1973;NA;Netherlands;-20.5;0.06616666666666667;psmsl;calculated;18.774122807017548;Netherlands
1974;NA;Netherlands;-16.666666666666668;0.083;psmsl;calculated;35.60745614035088;Netherlands
1975;NA;Netherlands;-52;0.027666666666666666;psmsl;calculated;-19.72587719298246;Netherlands
1976;NA;Netherlands;-75.5;0.014166666666666666;psmsl;calculated;-33.22587719298246;Netherlands
1977;NA;Netherlands;-24.166666666666668;0.067;psmsl;calculated;19.607456140350877;Netherlands
1978;NA;Netherlands;-31.833333333333332;0.04633333333333334;psmsl;calculated;-1.0592105263157876;Netherlands
1979;NA;Netherlands;-22.333333333333332;0.041999999999999996;psmsl;calculated;-5.39254385964913;Netherlands
1980;NA;Netherlands;5;0.0375;psmsl;calculated;-9.892543859649123;Netherlands
1981;NA;Netherlands;39;0.07066666666666667;psmsl;calculated;23.274122807017548;Netherlands
1982;NA;Netherlands;15.333333333333334;0.04466666666666667;psmsl;calculated;-2.725877192982459;Netherlands
1983;NA;Netherlands;52.833333333333336;0.08083333333333333;psmsl;calculated;33.440789473684205;Netherlands
1984;NA;Netherlands;-9.5;0.034333333333333334;psmsl;calculated;-13.059210526315788;Netherlands
1985;NA;Netherlands;-6.5;0.039;psmsl;calculated;-8.392543859649123;Netherlands
1986;NA;Netherlands;-13;0.044333333333333336;psmsl;calculated;-3.0592105263157876;Netherlands
1987;NA;Netherlands;-20.5;0.017;psmsl;calculated;-30.392543859649123;Netherlands
1988;NA;Netherlands;55.833333333333336;0.07533333333333334;psmsl;calculated;27.940789473684205;Netherlands
1989;NA;Netherlands;17.833333333333332;0.055;psmsl;calculated;7.607456140350877;Netherlands
1990;NA;Netherlands;54.333333333333336;0.103;psmsl;calculated;55.60745614035088;Netherlands
1991;NA;Netherlands;-48;0.026666666666666665;psmsl;calculated;-20.72587719298246;Netherlands
1992;NA;Netherlands;-2.6666666666666665;0.050499999999999996;psmsl;calculated;3.1074561403508696;Netherlands
1993;NA;Netherlands;-5.166666666666667;0.036833333333333336;psmsl;calculated;-10.559210526315788;Netherlands
1994;NA;Netherlands;35.333333333333336;0.0695;psmsl;calculated;22.107456140350877;Netherlands
1995;NA;Netherlands;39.833333333333336;0.054;psmsl;calculated;6.607456140350877;Netherlands
1996;NA;Netherlands;-74;-0.024833333333333332;psmsl;calculated;-72.22587719298245;Netherlands
1997;NA;Netherlands;-16.666666666666668;0.016166666666666666;psmsl;calculated;-31.22587719298246;Netherlands
1998;NA;Netherlands;64.33333333333333;0.08466666666666667;psmsl;calculated;37.27412280701755;Netherlands
1999;NA;Netherlands;58.666666666666664;0.07933333333333334;psmsl;calculated;31.94078947368422;Netherlands
2000;NA;Netherlands;54;0.06966666666666667;psmsl;calculated;22.274122807017548;Netherlands
2001;NA;Netherlands;61;0.056;psmsl;calculated;8.607456140350877;Netherlands
2002;NA;Netherlands;46.166666666666664;0.030666666666666665;psmsl;calculated;-16.72587719298246;Netherlands
2003;NA;Netherlands;32;0.0155;psmsl;calculated;-31.892543859649123;Netherlands
2004;NA;Netherlands;62.833333333333336;0.06133333333333334;psmsl;calculated;13.940789473684212;Netherlands
2005;NA;Netherlands;45;0.043000000000000003;psmsl;calculated;-4.392543859649123;Netherlands
2006;NA;Netherlands;41.333333333333336;0.04883333333333333;psmsl;calculated;1.4407894736842124;Netherlands
2007;NA;Netherlands;94.83333333333333;0.07483333333333334;psmsl;calculated;27.440789473684205;Netherlands
2008;NA;Netherlands;66.33333333333333;0.06683333333333333;psmsl;calculated;19.440789473684205;Netherlands
2009;NA;Netherlands;33.666666666666664;0.0395;psmsl;calculated;-7.892543859649123;Netherlands
2010;NA;Netherlands;25.333333333333332;0.02316666666666667;psmsl;calculated;-24.225877192982455;Netherlands
2011;NA;Netherlands;60.166666666666664;0.057666666666666665;psmsl;calculated;10.274122807017541;Netherlands
2012;NA;Netherlands;50.666666666666664;0.04733333333333333;psmsl;calculated;-0.05921052631579471;Netherlands
2013;NA;Netherlands;25.666666666666668;0.020833333333333332;psmsl;calculated;-26.55921052631579;Netherlands
2014;NA;Netherlands;66.66666666666667;0.04516666666666667;psmsl;calculated;-2.225877192982459;Netherlands
2015;NA;Netherlands;92.5;0.0685;psmsl;calculated;21.107456140350877;Netherlands
2016;NA;Netherlands;77;0.02733333333333333;psmsl;calculated;-20.05921052631579;Netherlands
2017;NA;Netherlands;112.16666666666667;0.06766666666666667;psmsl;calculated;20.274122807017548;Netherlands
2018;NA;Netherlands;39.333333333333336;0.006500000000000001;psmsl;calculated;-40.89254385964912;Netherlands
2019;NA;Netherlands;109.16666666666667;0.05483333333333333;psmsl;calculated;7.440789473684205;Netherlands
2020;NA;Netherlands;114.66666666666667;0.05733333333333333;psmsl;calculated;9.940789473684212;Netherlands
2021;NA;Netherlands;93.5;0.030833333333333334;psmsl;calculated;-16.559210526315788;Netherlands
2022;NA;Netherlands;106.33333333333333;0.041666666666666664;psmsl;calculated;-5.725877192982459;Netherlands
2023;NA;Netherlands;164.5;0.073;psmsl;calculated;25.607456140350877;Netherlands
2024;NA;Netherlands;170.83333333333334;0.0665;psmsl;calculated;19.107456140350877;Netherlands
2025;NA;Netherlands;124.16666666666667;0.0245;psmsl;calculated;-22.892543859649123;Netherlands
1862;NA;Netherlands (without Delfzijl);-142;NA;psmsl;calculated;0;Netherlands (without Delfzijl)
1863;NA;Netherlands (without Delfzijl);-161;NA;psmsl;calculated;0;Netherlands (without Delfzijl)
1864;NA;Netherlands (without Delfzijl);-263.5;NA;psmsl;calculated;0;Netherlands (without Delfzijl)
1865;NA;Netherlands (without Delfzijl);-253.75;NA;psmsl;calculated;0;Netherlands (without Delfzijl)
1866;NA;Netherlands (without Delfzijl);-153.25;NA;psmsl;calculated;0;Netherlands (without Delfzijl)
1867;NA;Netherlands (without Delfzijl);-176.25;NA;psmsl;calculated;0;Netherlands (without Delfzijl)
1868;NA;Netherlands (without Delfzijl);-173.75;NA;psmsl;calculated;0;Netherlands (without Delfzijl)
1869;NA;Netherlands (without Delfzijl);-167.5;NA;psmsl;calculated;0;Netherlands (without Delfzijl)
1870;NA;Netherlands (without Delfzijl);-236.5;NA;psmsl;calculated;0;Netherlands (without Delfzijl)
1871;NA;Netherlands (without Delfzijl);-213.5;NA;psmsl;calculated;0;Netherlands (without Delfzijl)
1872;NA;Netherlands (without Delfzijl);-157.2;NA;psmsl;calculated;0;Netherlands (without Delfzijl)
1873;NA;Netherlands (without Delfzijl);-146.6;NA;psmsl;calculated;0;Netherlands (without Delfzijl)
1874;NA;Netherlands (without Delfzijl);-163;NA;psmsl;calculated;0;Netherlands (without Delfzijl)
1875;NA;Netherlands (without Delfzijl);-213.6;NA;psmsl;calculated;0;Netherlands (without Delfzijl)
1876;NA;Netherlands (without Delfzijl);-164.8;NA;psmsl;calculated;0;Netherlands (without Delfzijl)
1877;NA;Netherlands (without Delfzijl);-89.8;NA;psmsl;calculated;0;Netherlands (without Delfzijl)
1878;NA;Netherlands (without Delfzijl);-106;NA;psmsl;calculated;0;Netherlands (without Delfzijl)
1879;NA;Netherlands (without Delfzijl);-163.4;NA;psmsl;calculated;0;Netherlands (without Delfzijl)
1880;NA;Netherlands (without Delfzijl);-122;NA;psmsl;calculated;0;Netherlands (without Delfzijl)
1881;NA;Netherlands (without Delfzijl);-176;NA;psmsl;calculated;0;Netherlands (without Delfzijl)
1882;NA;Netherlands (without Delfzijl);-136.6;NA;psmsl;calculated;0;Netherlands (without Delfzijl)
1883;NA;Netherlands (without Delfzijl);-154;NA;psmsl;calculated;0;Netherlands (without Delfzijl)
1884;NA;Netherlands (without Delfzijl);-159.6;NA;psmsl;calculated;0;Netherlands (without Delfzijl)
1885;NA;Netherlands (without Delfzijl);-173.2;NA;psmsl;calculated;0;Netherlands (without Delfzijl)
1886;NA;Netherlands (without Delfzijl);-175.2;NA;psmsl;calculated;0;Netherlands (without Delfzijl)
1887;NA;Netherlands (without Delfzijl);-220.8;NA;psmsl;calculated;0;Netherlands (without Delfzijl)
1888;NA;Netherlands (without Delfzijl);-240.8;NA;psmsl;calculated;0;Netherlands (without Delfzijl)
1889;NA;Netherlands (without Delfzijl);-198.4;NA;psmsl;calculated;0;Netherlands (without Delfzijl)
1890;NA;Netherlands (without Delfzijl);-203.4;NA;psmsl;calculated;0;Netherlands (without Delfzijl)
1891;NA;Netherlands (without Delfzijl);-189.4;NA;psmsl;calculated;0;Netherlands (without Delfzijl)
1892;NA;Netherlands (without Delfzijl);-174.4;NA;psmsl;calculated;0;Netherlands (without Delfzijl)
1893;NA;Netherlands (without Delfzijl);-154;NA;psmsl;calculated;0;Netherlands (without Delfzijl)
1894;NA;Netherlands (without Delfzijl);-147;NA;psmsl;calculated;0;Netherlands (without Delfzijl)
1895;NA;Netherlands (without Delfzijl);-182;NA;psmsl;calculated;0;Netherlands (without Delfzijl)
1896;NA;Netherlands (without Delfzijl);-197.6;NA;psmsl;calculated;0;Netherlands (without Delfzijl)
1897;NA;Netherlands (without Delfzijl);-190.8;NA;psmsl;calculated;0;Netherlands (without Delfzijl)
1898;NA;Netherlands (without Delfzijl);-153;NA;psmsl;calculated;0;Netherlands (without Delfzijl)
1899;NA;Netherlands (without Delfzijl);-151;NA;psmsl;calculated;0;Netherlands (without Delfzijl)
1900;NA;Netherlands (without Delfzijl);-189.4;NA;psmsl;calculated;0;Netherlands (without Delfzijl)
1901;NA;Netherlands (without Delfzijl);-210.2;NA;psmsl;calculated;0;Netherlands (without Delfzijl)
1902;NA;Netherlands (without Delfzijl);-238;NA;psmsl;calculated;0;Netherlands (without Delfzijl)
1903;NA;Netherlands (without Delfzijl);-129.4;NA;psmsl;calculated;0;Netherlands (without Delfzijl)
1904;NA;Netherlands (without Delfzijl);-155.4;NA;psmsl;calculated;0;Netherlands (without Delfzijl)
1905;NA;Netherlands (without Delfzijl);-172.8;NA;psmsl;calculated;0;Netherlands (without Delfzijl)
1906;NA;Netherlands (without Delfzijl);-144.8;NA;psmsl;calculated;0;Netherlands (without Delfzijl)
1907;NA;Netherlands (without Delfzijl);-169.2;NA;psmsl;calculated;0;Netherlands (without Delfzijl)
1908;NA;Netherlands (without Delfzijl);-179.2;NA;psmsl;calculated;0;Netherlands (without Delfzijl)
1909;NA;Netherlands (without Delfzijl);-128.2;NA;psmsl;calculated;0;Netherlands (without Delfzijl)
1910;NA;Netherlands (without Delfzijl);-119.2;NA;psmsl;calculated;0;Netherlands (without Delfzijl)
1911;NA;Netherlands (without Delfzijl);-148;NA;psmsl;calculated;0;Netherlands (without Delfzijl)
1912;NA;Netherlands (without Delfzijl);-87;NA;psmsl;calculated;0;Netherlands (without Delfzijl)
1913;NA;Netherlands (without Delfzijl);-109.6;NA;psmsl;calculated;0;Netherlands (without Delfzijl)
1914;NA;Netherlands (without Delfzijl);-95.8;NA;psmsl;calculated;0;Netherlands (without Delfzijl)
1915;NA;Netherlands (without Delfzijl);-133.2;NA;psmsl;calculated;0;Netherlands (without Delfzijl)
1916;NA;Netherlands (without Delfzijl);-86.2;NA;psmsl;calculated;0;Netherlands (without Delfzijl)
1917;NA;Netherlands (without Delfzijl);-138.8;NA;psmsl;calculated;0;Netherlands (without Delfzijl)
1918;NA;Netherlands (without Delfzijl);-140.4;NA;psmsl;calculated;0;Netherlands (without Delfzijl)
1919;NA;Netherlands (without Delfzijl);-162;NA;psmsl;calculated;0;Netherlands (without Delfzijl)
1920;NA;Netherlands (without Delfzijl);-162;NA;psmsl;calculated;0;Netherlands (without Delfzijl)
1921;NA;Netherlands (without Delfzijl);-139.8;NA;psmsl;calculated;0;Netherlands (without Delfzijl)
1922;NA;Netherlands (without Delfzijl);-136.4;NA;psmsl;calculated;0;Netherlands (without Delfzijl)
1923;NA;Netherlands (without Delfzijl);-114.4;NA;psmsl;calculated;0;Netherlands (without Delfzijl)
1924;NA;Netherlands (without Delfzijl);-138.6;NA;psmsl;calculated;0;Netherlands (without Delfzijl)
1925;NA;Netherlands (without Delfzijl);-89.2;NA;psmsl;calculated;0;Netherlands (without Delfzijl)
1926;NA;Netherlands (without Delfzijl);-108.2;NA;psmsl;calculated;0;Netherlands (without Delfzijl)
1927;NA;Netherlands (without Delfzijl);-102;NA;psmsl;calculated;0;Netherlands (without Delfzijl)
1928;NA;Netherlands (without Delfzijl);-89.2;NA;psmsl;calculated;0;Netherlands (without Delfzijl)
1929;NA;Netherlands (without Delfzijl);-144.4;NA;psmsl;calculated;0;Netherlands (without Delfzijl)
1930;NA;Netherlands (without Delfzijl);-90.6;NA;psmsl;calculated;0;Netherlands (without Delfzijl)
1931;NA;Netherlands (without Delfzijl);-86.4;NA;psmsl;calculated;0;Netherlands (without Delfzijl)
1932;NA;Netherlands (without Delfzijl);-101.2;NA;psmsl;calculated;0;Netherlands (without Delfzijl)
1933;NA;Netherlands (without Delfzijl);-147;NA;psmsl;calculated;0;Netherlands (without Delfzijl)
1934;NA;Netherlands (without Delfzijl);-133.8;NA;psmsl;calculated;0;Netherlands (without Delfzijl)
1935;NA;Netherlands (without Delfzijl);-85.6;NA;psmsl;calculated;0;Netherlands (without Delfzijl)
1936;NA;Netherlands (without Delfzijl);-68.2;NA;psmsl;calculated;0;Netherlands (without Delfzijl)
1937;NA;Netherlands (without Delfzijl);-79.4;NA;psmsl;calculated;0;Netherlands (without Delfzijl)
1938;NA;Netherlands (without Delfzijl);-72.4;NA;psmsl;calculated;0;Netherlands (without Delfzijl)
1939;NA;Netherlands (without Delfzijl);-102.6;NA;psmsl;calculated;0;Netherlands (without Delfzijl)
1940;NA;Netherlands (without Delfzijl);-98;NA;psmsl;calculated;0;Netherlands (without Delfzijl)
1941;NA;Netherlands (without Delfzijl);-130.2;NA;psmsl;calculated;0;Netherlands (without Delfzijl)
1942;NA;Netherlands (without Delfzijl);-115.8;NA;psmsl;calculated;0;Netherlands (without Delfzijl)
1943;NA;Netherlands (without Delfzijl);-69.2;NA;psmsl;calculated;0;Netherlands (without Delfzijl)
1944;NA;Netherlands (without Delfzijl);-63.4;NA;psmsl;calculated;0;Netherlands (without Delfzijl)
1945;NA;Netherlands (without Delfzijl);-73.6;NA;psmsl;calculated;0;Netherlands (without Delfzijl)
1946;NA;Netherlands (without Delfzijl);-81.2;NA;psmsl;calculated;0;Netherlands (without Delfzijl)
1947;NA;Netherlands (without Delfzijl);-133.8;NA;psmsl;calculated;0;Netherlands (without Delfzijl)
1948;NA;Netherlands (without Delfzijl);-65.2;NA;psmsl;calculated;0;Netherlands (without Delfzijl)
1949;NA;Netherlands (without Delfzijl);-53.2;NA;psmsl;calculated;0;Netherlands (without Delfzijl)
1950;NA;Netherlands (without Delfzijl);-47.6;0.0664;psmsl;calculated;21.331578947368428;Netherlands (without Delfzijl)
1951;NA;Netherlands (without Delfzijl);-60.8;0.0494;psmsl;calculated;4.3315789473684205;Netherlands (without Delfzijl)
1952;NA;Netherlands (without Delfzijl);-41.4;0.0568;psmsl;calculated;11.731578947368426;Netherlands (without Delfzijl)
1953;NA;Netherlands (without Delfzijl);-82.4;0.0164;psmsl;calculated;-28.668421052631576;Netherlands (without Delfzijl)
1954;NA;Netherlands (without Delfzijl);-50.8;0.0672;psmsl;calculated;22.131578947368425;Netherlands (without Delfzijl)
1955;NA;Netherlands (without Delfzijl);-44.4;0.0514;psmsl;calculated;6.3315789473684205;Netherlands (without Delfzijl)
1956;NA;Netherlands (without Delfzijl);-104.6;0.0294;psmsl;calculated;-15.66842105263158;Netherlands (without Delfzijl)
1957;NA;Netherlands (without Delfzijl);-69;0.045;psmsl;calculated;-0.06842105263157805;Netherlands (without Delfzijl)
1958;NA;Netherlands (without Delfzijl);-54.8;0.0508;psmsl;calculated;5.731578947368419;Netherlands (without Delfzijl)
1959;NA;Netherlands (without Delfzijl);-99.2;0.0022;psmsl;calculated;-42.868421052631575;Netherlands (without Delfzijl)
1960;NA;Netherlands (without Delfzijl);-62.8;0.042;psmsl;calculated;-3.068421052631578;Netherlands (without Delfzijl)
1961;NA;Netherlands (without Delfzijl);-1.8;0.067;psmsl;calculated;21.931578947368422;Netherlands (without Delfzijl)
1962;NA;Netherlands (without Delfzijl);-50.8;0.0514;psmsl;calculated;6.3315789473684205;Netherlands (without Delfzijl)
1963;NA;Netherlands (without Delfzijl);-110.6;0.0174;psmsl;calculated;-27.66842105263158;Netherlands (without Delfzijl)
1964;NA;Netherlands (without Delfzijl);-89;0.013600000000000001;psmsl;calculated;-31.468421052631577;Netherlands (without Delfzijl)
1965;NA;Netherlands (without Delfzijl);-26.2;0.072;psmsl;calculated;26.931578947368422;Netherlands (without Delfzijl)
1966;NA;Netherlands (without Delfzijl);3.2;0.065;psmsl;calculated;19.931578947368422;Netherlands (without Delfzijl)
1967;NA;Netherlands (without Delfzijl);21.6;0.0896;psmsl;calculated;44.531578947368416;Netherlands (without Delfzijl)
1968;NA;Netherlands (without Delfzijl);-42.6;0.0364;psmsl;calculated;-8.66842105263158;Netherlands (without Delfzijl)
1969;NA;Netherlands (without Delfzijl);-54;0.0258;psmsl;calculated;-19.268421052631577;Netherlands (without Delfzijl)
1970;NA;Netherlands (without Delfzijl);-24.2;0.0616;psmsl;calculated;16.531578947368423;Netherlands (without Delfzijl)
1971;NA;Netherlands (without Delfzijl);-77.4;0.0234;psmsl;calculated;-21.668421052631576;Netherlands (without Delfzijl)
1972;NA;Netherlands (without Delfzijl);-94.6;0.0026;psmsl;calculated;-42.46842105263158;Netherlands (without Delfzijl)
1973;NA;Netherlands (without Delfzijl);-31.6;0.061399999999999996;psmsl;calculated;16.33157894736842;Netherlands (without Delfzijl)
1974;NA;Netherlands (without Delfzijl);-27;0.0822;psmsl;calculated;37.13157894736841;Netherlands (without Delfzijl)
1975;NA;Netherlands (without Delfzijl);-63.8;0.025;psmsl;calculated;-20.068421052631578;Netherlands (without Delfzijl)
1976;NA;Netherlands (without Delfzijl);-86.2;0.0118;psmsl;calculated;-33.26842105263158;Netherlands (without Delfzijl)
1977;NA;Netherlands (without Delfzijl);-32;0.0658;psmsl;calculated;20.73157894736842;Netherlands (without Delfzijl)
1978;NA;Netherlands (without Delfzijl);-41.2;0.045;psmsl;calculated;-0.06842105263157805;Netherlands (without Delfzijl)
1979;NA;Netherlands (without Delfzijl);-27;0.041999999999999996;psmsl;calculated;-3.068421052631585;Netherlands (without Delfzijl)
1980;NA;Netherlands (without Delfzijl);-3;0.0356;psmsl;calculated;-9.468421052631577;Netherlands (without Delfzijl)
1981;NA;Netherlands (without Delfzijl);25.4;0.0674;psmsl;calculated;22.331578947368428;Netherlands (without Delfzijl)
1982;NA;Netherlands (without Delfzijl);2.6;0.041800000000000004;psmsl;calculated;-3.268421052631574;Netherlands (without Delfzijl)
1983;NA;Netherlands (without Delfzijl);37.8;0.0762;psmsl;calculated;31.131578947368425;Netherlands (without Delfzijl)
1984;NA;Netherlands (without Delfzijl);-17.6;0.032600000000000004;psmsl;calculated;-12.468421052631577;Netherlands (without Delfzijl)
1985;NA;Netherlands (without Delfzijl);-17.2;0.036;psmsl;calculated;-9.068421052631578;Netherlands (without Delfzijl)
1986;NA;Netherlands (without Delfzijl);-19.4;0.0416;psmsl;calculated;-3.4684210526315766;Netherlands (without Delfzijl)
1987;NA;Netherlands (without Delfzijl);-29.2;0.0154;psmsl;calculated;-29.66842105263158;Netherlands (without Delfzijl)
1988;NA;Netherlands (without Delfzijl);44.8;0.0726;psmsl;calculated;27.531578947368416;Netherlands (without Delfzijl)
1989;NA;Netherlands (without Delfzijl);6.4;0.051;psmsl;calculated;5.931578947368422;Netherlands (without Delfzijl)
1990;NA;Netherlands (without Delfzijl);40.4;0.0978;psmsl;calculated;52.73157894736842;Netherlands (without Delfzijl)
1991;NA;Netherlands (without Delfzijl);-59.4;0.0224;psmsl;calculated;-22.66842105263158;Netherlands (without Delfzijl)
1992;NA;Netherlands (without Delfzijl);-14.6;0.0474;psmsl;calculated;2.3315789473684205;Netherlands (without Delfzijl)
1993;NA;Netherlands (without Delfzijl);-17;0.034;psmsl;calculated;-11.068421052631578;Netherlands (without Delfzijl)
1994;NA;Netherlands (without Delfzijl);23.8;0.067;psmsl;calculated;21.931578947368422;Netherlands (without Delfzijl)
1995;NA;Netherlands (without Delfzijl);26.6;0.0508;psmsl;calculated;5.731578947368419;Netherlands (without Delfzijl)
1996;NA;Netherlands (without Delfzijl);-81.4;-0.0254;psmsl;calculated;-70.46842105263158;Netherlands (without Delfzijl)
1997;NA;Netherlands (without Delfzijl);-27.8;0.0128;psmsl;calculated;-32.26842105263158;Netherlands (without Delfzijl)
1998;NA;Netherlands (without Delfzijl);51;0.0824;psmsl;calculated;37.33157894736843;Netherlands (without Delfzijl)
1999;NA;Netherlands (without Delfzijl);45.8;0.07680000000000001;psmsl;calculated;31.731578947368433;Netherlands (without Delfzijl)
2000;NA;Netherlands (without Delfzijl);41.4;0.0676;psmsl;calculated;22.531578947368416;Netherlands (without Delfzijl)
2001;NA;Netherlands (without Delfzijl);48;0.0546;psmsl;calculated;9.531578947368423;Netherlands (without Delfzijl)
2002;NA;Netherlands (without Delfzijl);34.2;0.0292;psmsl;calculated;-15.868421052631579;Netherlands (without Delfzijl)
2003;NA;Netherlands (without Delfzijl);21.2;0.0122;psmsl;calculated;-32.868421052631575;Netherlands (without Delfzijl)
2004;NA;Netherlands (without Delfzijl);52.2;0.0584;psmsl;calculated;13.33157894736842;Netherlands (without Delfzijl)
2005;NA;Netherlands (without Delfzijl);37.8;0.040400000000000005;psmsl;calculated;-4.668421052631572;Netherlands (without Delfzijl)
2006;NA;Netherlands (without Delfzijl);33.6;0.046;psmsl;calculated;0.931578947368422;Netherlands (without Delfzijl)
2007;NA;Netherlands (without Delfzijl);82.8;0.0708;psmsl;calculated;25.73157894736842;Netherlands (without Delfzijl)
2008;NA;Netherlands (without Delfzijl);56.2;0.0636;psmsl;calculated;18.531578947368423;Netherlands (without Delfzijl)
2009;NA;Netherlands (without Delfzijl);24.2;0.038;psmsl;calculated;-7.068421052631578;Netherlands (without Delfzijl)
2010;NA;Netherlands (without Delfzijl);17;0.0228;psmsl;calculated;-22.268421052631577;Netherlands (without Delfzijl)
2011;NA;Netherlands (without Delfzijl);47.8;0.054;psmsl;calculated;8.931578947368422;Netherlands (without Delfzijl)
2012;NA;Netherlands (without Delfzijl);39.6;0.0446;psmsl;calculated;-0.46842105263157663;Netherlands (without Delfzijl)
2013;NA;Netherlands (without Delfzijl);14.4;0.019;psmsl;calculated;-26.068421052631578;Netherlands (without Delfzijl)
2014;NA;Netherlands (without Delfzijl);54.8;0.0438;psmsl;calculated;-1.268421052631581;Netherlands (without Delfzijl)
2015;NA;Netherlands (without Delfzijl);75.2;0.06319999999999999;psmsl;calculated;18.131578947368418;Netherlands (without Delfzijl)
2016;NA;Netherlands (without Delfzijl);63.6;0.025599999999999998;psmsl;calculated;-19.46842105263158;Netherlands (without Delfzijl)
2017;NA;Netherlands (without Delfzijl);94.2;0.0636;psmsl;calculated;18.531578947368423;Netherlands (without Delfzijl)
2018;NA;Netherlands (without Delfzijl);26.2;0.0046;psmsl;calculated;-40.46842105263158;Netherlands (without Delfzijl)
2019;NA;Netherlands (without Delfzijl);92;0.0524;psmsl;calculated;7.331578947368428;Netherlands (without Delfzijl)
2020;NA;Netherlands (without Delfzijl);96.6;0.054400000000000004;psmsl;calculated;9.331578947368428;Netherlands (without Delfzijl)
2021;NA;Netherlands (without Delfzijl);75.8;0.0286;psmsl;calculated;-16.468421052631577;Netherlands (without Delfzijl)
2022;NA;Netherlands (without Delfzijl);94.6;0.0378;psmsl;calculated;-7.268421052631581;Netherlands (without Delfzijl)
2023;NA;Netherlands (without Delfzijl);152.8;0.071;psmsl;calculated;25.931578947368422;Netherlands (without Delfzijl)
2024;NA;Netherlands (without Delfzijl);161.4;0.06520000000000001;psmsl;calculated;20.131578947368425;Netherlands (without Delfzijl)
2025;NA;Netherlands (without Delfzijl);112.4;0.0216;psmsl;calculated;-23.468421052631577;Netherlands (without Delfzijl)
