year;height;station;surge_anomaly;surge_m;from1993;from1960_square
1862;-142,00000000000000;Vlissingen;0,000000000000000;NA;0;0
1863;-161,00000000000000;Vlissingen;0,000000000000000;NA;0;0
1864;-196,00000000000000;Vlissingen;0,000000000000000;NA;0;0
1865;-167,00000000000000;Vlissingen;0,000000000000000;NA;0;0
1866;-95,00000000000000;Vlissingen;0,000000000000000;NA;0;0
1867;-96,00000000000000;Vlissingen;0,000000000000000;NA;0;0
1868;-104,00000000000000;Vlissingen;0,000000000000000;NA;0;0
1869;-102,00000000000000;Vlissingen;0,000000000000000;NA;0;0
1870;-168,00000000000000;Vlissingen;0,000000000000000;NA;0;0
1871;-172,00000000000000;Vlissingen;0,000000000000000;NA;0;0
1872;-132,00000000000000;Vlissingen;0,000000000000000;NA;0;0
1873;-127,00000000000000;Vlissingen;0,000000000000000;NA;0;0
1874;-144,00000000000000;Vlissingen;0,000000000000000;NA;0;0
1875;-172,00000000000000;Vlissingen;0,000000000000000;NA;0;0
1876;-117,00000000000000;Vlissingen;0,000000000000000;NA;0;0
1877;-73,00000000000000;Vlissingen;0,000000000000000;NA;0;0
1878;-103,00000000000000;Vlissingen;0,000000000000000;NA;0;0
1879;-144,00000000000000;Vlissingen;0,000000000000000;NA;0;0
1880;-119,00000000000000;Vlissingen;0,000000000000000;NA;0;0
1881;-148,00000000000000;Vlissingen;0,000000000000000;NA;0;0
1882;-164,00000000000000;Vlissingen;0,000000000000000;NA;0;0
1883;-171,00000000000000;Vlissingen;0,000000000000000;NA;0;0
1884;-186,00000000000000;Vlissingen;0,000000000000000;NA;0;0
1885;-207,00000000000000;Vlissingen;0,000000000000000;NA;0;0
1886;-210,00000000000000;Vlissingen;0,000000000000000;NA;0;0
1887;-289,00000000000000;Vlissingen;0,000000000000000;NA;0;0
1888;-323,00000000000000;Vlissingen;0,000000000000000;NA;0;0
1889;-275,00000000000000;Vlissingen;0,000000000000000;NA;0;0
1890;-252,00000000000000;Vlissingen;0,000000000000000;NA;0;0
1891;-280,00000000000000;Vlissingen;0,000000000000000;NA;0;0
1892;-279,00000000000000;Vlissingen;0,000000000000000;NA;0;0
1893;-253,00000000000000;Vlissingen;0,000000000000000;NA;0;0
1894;-204,00000000000000;Vlissingen;0,000000000000000;NA;0;0
1895;-220,00000000000000;Vlissingen;0,000000000000000;NA;0;0
1896;-240,00000000000000;Vlissingen;0,000000000000000;NA;0;0
1897;-261,00000000000000;Vlissingen;0,000000000000000;NA;0;0
1898;-229,00000000000000;Vlissingen;0,000000000000000;NA;0;0
1899;-221,00000000000000;Vlissingen;0,000000000000000;NA;0;0
1900;-275,00000000000000;Vlissingen;0,000000000000000;NA;0;0
1901;-308,00000000000000;Vlissingen;0,000000000000000;NA;0;0
1902;-323,00000000000000;Vlissingen;0,000000000000000;NA;0;0
1903;-178,00000000000000;Vlissingen;0,000000000000000;NA;0;0
1904;-191,00000000000000;Vlissingen;0,000000000000000;NA;0;0
1905;-220,00000000000000;Vlissingen;0,000000000000000;NA;0;0
1906;-212,00000000000000;Vlissingen;0,000000000000000;NA;0;0
1907;-202,00000000000000;Vlissingen;0,000000000000000;NA;0;0
1908;-204,00000000000000;Vlissingen;0,000000000000000;NA;0;0
1909;-178,00000000000000;Vlissingen;0,000000000000000;NA;0;0
1910;-171,00000000000000;Vlissingen;0,000000000000000;NA;0;0
1911;-209,00000000000000;Vlissingen;0,000000000000000;NA;0;0
1912;-154,00000000000000;Vlissingen;0,000000000000000;NA;0;0
1913;-160,00000000000000;Vlissingen;0,000000000000000;NA;0;0
1914;-184,00000000000000;Vlissingen;0,000000000000000;NA;0;0
1915;-213,00000000000000;Vlissingen;0,000000000000000;NA;0;0
1916;-168,00000000000000;Vlissingen;0,000000000000000;NA;0;0
1917;-182,00000000000000;Vlissingen;0,000000000000000;NA;0;0
1918;-221,00000000000000;Vlissingen;0,000000000000000;NA;0;0
1919;-248,00000000000000;Vlissingen;0,000000000000000;NA;0;0
1920;-271,00000000000000;Vlissingen;0,000000000000000;NA;0;0
1921;-203,00000000000000;Vlissingen;0,000000000000000;NA;0;0
1922;-192,00000000000000;Vlissingen;0,000000000000000;NA;0;0
1923;-171,00000000000000;Vlissingen;0,000000000000000;NA;0;0
1924;-189,00000000000000;Vlissingen;0,000000000000000;NA;0;0
1925;-152,00000000000000;Vlissingen;0,000000000000000;NA;0;0
1926;-167,00000000000000;Vlissingen;0,000000000000000;NA;0;0
1927;-155,00000000000000;Vlissingen;0,000000000000000;NA;0;0
1928;-152,00000000000000;Vlissingen;0,000000000000000;NA;0;0
1929;-203,00000000000000;Vlissingen;0,000000000000000;NA;0;0
1930;-133,00000000000000;Vlissingen;0,000000000000000;NA;0;0
1931;-133,00000000000000;Vlissingen;0,000000000000000;NA;0;0
1932;-152,00000000000000;Vlissingen;0,000000000000000;NA;0;0
1933;-166,00000000000000;Vlissingen;0,000000000000000;NA;0;0
1934;-162,00000000000000;Vlissingen;0,000000000000000;NA;0;0
1935;-134,00000000000000;Vlissingen;0,000000000000000;NA;0;0
1936;-111,00000000000000;Vlissingen;0,000000000000000;NA;0;0
1937;-111,00000000000000;Vlissingen;0,000000000000000;NA;0;0
1938;-136,00000000000000;Vlissingen;0,000000000000000;NA;0;0
1939;-134,00000000000000;Vlissingen;0,000000000000000;NA;0;0
1940;-135,00000000000000;Vlissingen;0,000000000000000;NA;0;0
1941;-161,00000000000000;Vlissingen;0,000000000000000;NA;0;0
1942;-149,00000000000000;Vlissingen;0,000000000000000;NA;0;0
1943;-116,00000000000000;Vlissingen;0,000000000000000;NA;0;0
1944;-128,00000000000000;Vlissingen;0,000000000000000;NA;0;0
1945;-110,00000000000000;Vlissingen;0,000000000000000;NA;0;0
1946;-104,00000000000000;Vlissingen;0,000000000000000;NA;0;0
1947;-136,00000000000000;Vlissingen;0,000000000000000;NA;0;0
1948;-119,00000000000000;Vlissingen;0,000000000000000;NA;0;0
1949;-106,00000000000000;Vlissingen;0,000000000000000;NA;0;0
1950;-84,00000000000000;Vlissingen;-4,077590149028907;0,04365290737366430;0;0
1951;-82,00000000000000;Vlissingen;-15,245973455865311;0,03248452406682790;0;0
1952;-54,00000000000000;Vlissingen;-2,808291700883707;0,04492220582180950;0;0
1953;-104,00000000000000;Vlissingen;-47,482761927410458;0,00024773559528275;0;0
1954;-85,00000000000000;Vlissingen;-1,876547457617406;0,04585395006507580;0;0
1955;-86,00000000000000;Vlissingen;-5,046202850826802;0,04268429467186640;0;0
1956;-148,00000000000000;Vlissingen;-27,495399832966108;0,02023509768972710;0;0
1957;-112,00000000000000;Vlissingen;-18,510041576522106;0,02922045594617110;0;0
1958;-85,00000000000000;Vlissingen;-6,248664553818308;0,04148183296887490;0;0
1959;-98,00000000000000;Vlissingen;-50,292612463521856;-0,00256211494082865;0;0
1960;-83,00000000000000;Vlissingen;-11,863473957217508;0,03586702356547570;0;0
1961;-41,00000000000000;Vlissingen;0,922934175884699;0,04865343169857790;0;1
1962;-70,00000000000000;Vlissingen;-14,986625818234806;0,03274387170445840;0;4
1963;-143,00000000000000;Vlissingen;-38,794496613904457;0,00893600090878875;0;9
1964;-115,00000000000000;Vlissingen;-44,907657865166527;0,00282283965752668;0;16
1965;-75,00000000000000;Vlissingen;9,446300116579195;0,05717679763927240;0;25
1966;-42,00000000000000;Vlissingen;4,959128672762098;0,05268962619545530;0;36
1967;-47,00000000000000;Vlissingen;10,695707438967595;0,05842620496166080;0;49
1968;-78,00000000000000;Vlissingen;-17,087970119016806;0,03064252740367640;0;64
1969;-73,00000000000000;Vlissingen;-23,961759947322207;0,02376873757537100;0;81
1970;-58,00000000000000;Vlissingen;0,457123972808297;0,04818762149550150;0;100
1971;-115,00000000000000;Vlissingen;-33,705191313485805;0,01402530620920740;0;121
1972;-131,00000000000000;Vlissingen;-50,505632392590172;-0,00277513486989697;0;144
1973;-79,00000000000000;Vlissingen;-6,370175100944905;0,04136032242174830;0;169
1974;-62,00000000000000;Vlissingen;17,422939852385092;0,06515343737507830;0;196
1975;-99,00000000000000;Vlissingen;-33,219812037836803;0,01451068548485640;0;225
1976;-115,00000000000000;Vlissingen;-40,876117224283199;0,00685438029841001;0;256
1977;-78,00000000000000;Vlissingen;1,211388625798797;0,04894188614849200;0;289
1978;-95,00000000000000;Vlissingen;-12,291180854566505;0,03543931666812670;0;324
1979;-69,00000000000000;Vlissingen;-17,106816551460305;0,03062368097123290;0;361
1980;-53,00000000000000;Vlissingen;-21,789755738540208;0,02594074178415300;0;400
1981;-18,00000000000000;Vlissingen;4,698232447169794;0,05242872996986300;0;441
1982;-49,00000000000000;Vlissingen;-27,373004314474006;0,02035749320821920;0;484
1983;-22,00000000000000;Vlissingen;3,904693099224595;0,05163519062191780;0;529
1984;-61,00000000000000;Vlissingen;-25,945999376299806;0,02178449814639340;0;576
1985;-54,00000000000000;Vlissingen;-26,128216999679506;0,02160228052301370;0;625
1986;-71,00000000000000;Vlissingen;-21,741247978857604;0,02598924954383560;0;676
1987;-72,00000000000000;Vlissingen;-40,658328596665818;0,00707216892602739;0;729
1988;-10,00000000000000;Vlissingen;3,164471795066397;0,05089496931775960;0;784
1989;-43,00000000000000;Vlissingen;-17,220842418583608;0,03050965510410960;0;841
1990;-27,00000000000000;Vlissingen;14,330525877032798;0,06206102339972600;0;900
1991;-102,00000000000000;Vlissingen;-40,863020626254858;0,00686747689643835;0;961
1992;-63,00000000000000;Vlissingen;-20,701381805480104;0,02702911571721310;0;1024
1993;-57,00000000000000;Vlissingen;-25,227461182254807;0,02250303634043840;0;1089
1994;-26,00000000000000;Vlissingen;-0,346922577487703;0,04738357494520550;1;1156
1995;-16,00000000000000;Vlissingen;-11,755038870638408;0,03597545865205480;2;1225
1996;-101,00000000000000;Vlissingen;-67,440220811654910;-0,01970972328896170;3;1296
1997;-67,00000000000000;Vlissingen;-48,931120680775393;-0,00120062315808219;4;1369
1998;1,00000000000000;Vlissingen;9,552319970457496;0,05728281749315070;5;1444
1999;-4,00000000000000;Vlissingen;5,173509742238295;0,05290400726493150;6;1521
2000;-10,00000000000000;Vlissingen;-4,867168484441805;0,04286332903825140;7;1600
2001;9,00000000000000;Vlissingen;-5,614285559953508;0,04211621196273970;8;1681
2002;-8,00000000000000;Vlissingen;-31,603793599405506;0,01612670392328770;9;1764
2003;-18,00000000000000;Vlissingen;-45,209351250090478;0,00252114627260273;10;1849
2004;14,00000000000000;Vlissingen;-10,602016369687703;0,03712848115300550;11;1936
2005;27,00000000000000;Vlissingen;-20,183274362254906;0,02754722316043830;12;2025
2006;1,00000000000000;Vlissingen;-20,758957900775403;0,02697153962191780;13;2116
2007;46,00000000000000;Vlissingen;4,672735072923189;0,05240323259561640;14;2209
2008;19,00000000000000;Vlissingen;-6,919096692092104;0,04081140083060110;15;2304
2009;1,00000000000000;Vlissingen;-22,388478084885005;0,02534201943780820;16;2401
2010;3,00000000000000;Vlissingen;-24,192432855022005;0,02353806466767120;17;2500
2011;7,00000000000000;Vlissingen;-17,445469506254906;0,03028502801643830;18;2601
2012;0,00000000000000;Vlissingen;-20,572754597829807;0,02715774292486340;19;2704
2013;-14,00000000000000;Vlissingen;-35,975355229542508;0,01175514229315070;20;2809
2014;24,00000000000000;Vlissingen;-20,892029433104206;0,02683846808958900;21;2916
2015;27,00000000000000;Vlissingen;-14,836515736391803;0,03289398178630140;22;3025
2016;30,00000000000000;Vlissingen;-35,754192921600307;0,01197630460109290;23;3136
2017;46,00000000000000;Vlissingen;-6,269539317213706;0,04146095820547950;24;3249
2018;1,00000000000000;Vlissingen;-48,514020788446629;-0,00078352326575342;25;3364
2019;51,00000000000000;Vlissingen;-13,325507765432903;0,03440498975726030;26;3481
2020;58,00000000000000;Vlissingen;-18,297710492638608;0,02943278703005460;27;3600
2021;46,00000000000000;Vlissingen;-30,619615002145306;0,01711088252054790;28;3721
2022;60,00000000000000;Vlissingen;-30,214454421727904;0,01751604310096530;29;3844
2023;116,00000000000000;Vlissingen;3,859547130885794;0,05159004465357900;30;3969
2024;129,00000000000000;Vlissingen;-0,177003745240405;0,04755349377745280;31;4096
1864;-331,00000000000000;Hoek van Holland;0,000000000000000;NA;0;0
1865;-320,00000000000000;Hoek van Holland;0,000000000000000;NA;0;0
1866;-268,00000000000000;Hoek van Holland;0,000000000000000;NA;0;0
1867;-275,00000000000000;Hoek van Holland;0,000000000000000;NA;0;0
1868;-266,00000000000000;Hoek van Holland;0,000000000000000;NA;0;0
1869;-229,00000000000000;Hoek van Holland;0,000000000000000;NA;0;0
1870;-280,00000000000000;Hoek van Holland;0,000000000000000;NA;0;0
1871;-253,00000000000000;Hoek van Holland;0,000000000000000;NA;0;0
1872;-199,00000000000000;Hoek van Holland;0,000000000000000;NA;0;0
1873;-220,00000000000000;Hoek van Holland;0,000000000000000;NA;0;0
1874;-250,00000000000000;Hoek van Holland;0,000000000000000;NA;0;0
1875;-280,00000000000000;Hoek van Holland;0,000000000000000;NA;0;0
1876;-250,00000000000000;Hoek van Holland;0,000000000000000;NA;0;0
1877;-183,00000000000000;Hoek van Holland;0,000000000000000;NA;0;0
1878;-199,00000000000000;Hoek van Holland;0,000000000000000;NA;0;0
1879;-227,00000000000000;Hoek van Holland;0,000000000000000;NA;0;0
1880;-177,00000000000000;Hoek van Holland;0,000000000000000;NA;0;0
1881;-229,00000000000000;Hoek van Holland;0,000000000000000;NA;0;0
1882;-196,00000000000000;Hoek van Holland;0,000000000000000;NA;0;0
1883;-200,00000000000000;Hoek van Holland;0,000000000000000;NA;0;0
1884;-198,00000000000000;Hoek van Holland;0,000000000000000;NA;0;0
1885;-175,00000000000000;Hoek van Holland;0,000000000000000;NA;0;0
1886;-188,00000000000000;Hoek van Holland;0,000000000000000;NA;0;0
1887;-214,00000000000000;Hoek van Holland;0,000000000000000;NA;0;0
1888;-250,00000000000000;Hoek van Holland;0,000000000000000;NA;0;0
1889;-216,00000000000000;Hoek van Holland;0,000000000000000;NA;0;0
1890;-218,00000000000000;Hoek van Holland;0,000000000000000;NA;0;0
1891;-213,00000000000000;Hoek van Holland;0,000000000000000;NA;0;0
1892;-182,00000000000000;Hoek van Holland;0,000000000000000;NA;0;0
1893;-190,00000000000000;Hoek van Holland;0,000000000000000;NA;0;0
1894;-201,00000000000000;Hoek van Holland;0,000000000000000;NA;0;0
1895;-200,00000000000000;Hoek van Holland;0,000000000000000;NA;0;0
1896;-234,00000000000000;Hoek van Holland;0,000000000000000;NA;0;0
1897;-226,00000000000000;Hoek van Holland;0,000000000000000;NA;0;0
1898;-185,00000000000000;Hoek van Holland;0,000000000000000;NA;0;0
1899;-157,00000000000000;Hoek van Holland;0,000000000000000;NA;0;0
1900;-190,00000000000000;Hoek van Holland;0,000000000000000;NA;0;0
1901;-195,00000000000000;Hoek van Holland;0,000000000000000;NA;0;0
1902;-196,00000000000000;Hoek van Holland;0,000000000000000;NA;0;0
1903;-106,00000000000000;Hoek van Holland;0,000000000000000;NA;0;0
1904;-149,00000000000000;Hoek van Holland;0,000000000000000;NA;0;0
1905;-166,00000000000000;Hoek van Holland;0,000000000000000;NA;0;0
1906;-145,00000000000000;Hoek van Holland;0,000000000000000;NA;0;0
1907;-171,00000000000000;Hoek van Holland;0,000000000000000;NA;0;0
1908;-174,00000000000000;Hoek van Holland;0,000000000000000;NA;0;0
1909;-118,00000000000000;Hoek van Holland;0,000000000000000;NA;0;0
1910;-123,00000000000000;Hoek van Holland;0,000000000000000;NA;0;0
1911;-145,00000000000000;Hoek van Holland;0,000000000000000;NA;0;0
1912;-84,00000000000000;Hoek van Holland;0,000000000000000;NA;0;0
1913;-105,00000000000000;Hoek van Holland;0,000000000000000;NA;0;0
1914;-87,00000000000000;Hoek van Holland;0,000000000000000;NA;0;0
1915;-116,00000000000000;Hoek van Holland;0,000000000000000;NA;0;0
1916;-74,00000000000000;Hoek van Holland;0,000000000000000;NA;0;0
1917;-163,00000000000000;Hoek van Holland;0,000000000000000;NA;0;0
1918;-152,00000000000000;Hoek van Holland;0,000000000000000;NA;0;0
1919;-155,00000000000000;Hoek van Holland;0,000000000000000;NA;0;0
1920;-127,00000000000000;Hoek van Holland;0,000000000000000;NA;0;0
1921;-131,00000000000000;Hoek van Holland;0,000000000000000;NA;0;0
1922;-95,00000000000000;Hoek van Holland;0,000000000000000;NA;0;0
1923;-95,00000000000000;Hoek van Holland;0,000000000000000;NA;0;0
1924;-132,00000000000000;Hoek van Holland;0,000000000000000;NA;0;0
1925;-67,00000000000000;Hoek van Holland;0,000000000000000;NA;0;0
1926;-95,00000000000000;Hoek van Holland;0,000000000000000;NA;0;0
1927;-93,00000000000000;Hoek van Holland;0,000000000000000;NA;0;0
1928;-85,00000000000000;Hoek van Holland;0,000000000000000;NA;0;0
1929;-140,00000000000000;Hoek van Holland;0,000000000000000;NA;0;0
1930;-67,00000000000000;Hoek van Holland;0,000000000000000;NA;0;0
1931;-73,00000000000000;Hoek van Holland;0,000000000000000;NA;0;0
1932;-90,00000000000000;Hoek van Holland;0,000000000000000;NA;0;0
1933;-146,00000000000000;Hoek van Holland;0,000000000000000;NA;0;0
1934;-138,00000000000000;Hoek van Holland;0,000000000000000;NA;0;0
1935;-78,00000000000000;Hoek van Holland;0,000000000000000;NA;0;0
1936;-49,00000000000000;Hoek van Holland;0,000000000000000;NA;0;0
1937;-55,00000000000000;Hoek van Holland;0,000000000000000;NA;0;0
1938;-81,00000000000000;Hoek van Holland;0,000000000000000;NA;0;0
1939;-73,00000000000000;Hoek van Holland;0,000000000000000;NA;0;0
1940;-69,00000000000000;Hoek van Holland;0,000000000000000;NA;0;0
1941;-105,00000000000000;Hoek van Holland;0,000000000000000;NA;0;0
1942;-105,00000000000000;Hoek van Holland;0,000000000000000;NA;0;0
1943;-59,00000000000000;Hoek van Holland;0,000000000000000;NA;0;0
1944;-44,00000000000000;Hoek van Holland;0,000000000000000;NA;0;0
1945;-57,00000000000000;Hoek van Holland;0,000000000000000;NA;0;0
1946;-52,00000000000000;Hoek van Holland;0,000000000000000;NA;0;0
1947;-101,00000000000000;Hoek van Holland;0,000000000000000;NA;0;0
1948;-42,00000000000000;Hoek van Holland;0,000000000000000;NA;0;0
1949;-54,00000000000000;Hoek van Holland;0,000000000000000;NA;0;0
1950;-45,00000000000000;Hoek van Holland;5,916631959271292;0,05364712948196450;0;0
1951;-56,00000000000000;Hoek van Holland;-7,774747021986407;0,03995575050070680;0;0
1952;-45,00000000000000;Hoek van Holland;2,380654695004793;0,05011115221769800;0;0
1953;-74,00000000000000;Hoek van Holland;-40,747482228085424;0,00698301529460778;0;0
1954;-25,00000000000000;Hoek van Holland;8,826292770029092;0,05655679029272230;0;0
1955;-21,00000000000000;Hoek van Holland;-0,467055183674809;0,04726344233901840;0;0
1956;-83,00000000000000;Hoek van Holland;-23,060467058386905;0,02467003046430630;0;0
1957;-38,00000000000000;Hoek van Holland;-11,412602741404207;0,03631789478128900;0;0
1958;-38,00000000000000;Hoek van Holland;-1,928788073238707;0,04580170944945450;0;0
1959;-131,00000000000000;Hoek van Holland;-48,020016757215359;-0,00028951923452215;0;0
1960;-80,00000000000000;Hoek van Holland;-8,087122423372101;0,03964337509932110;0;0
1961;4,00000000000000;Hoek van Holland;9,942363506943195;0,05767286102963640;0;1
1962;-55,00000000000000;Hoek van Holland;-5,951594309403809;0,04177890321328940;0;4
1963;-120,00000000000000;Hoek van Holland;-35,177731162401706;0,01255276636029150;0;9
1964;-107,00000000000000;Hoek van Holland;-40,431986988319913;0,00729851053437329;0;16
1965;-3,00000000000000;Hoek van Holland;17,112430125852292;0,06484292764854550;0;25
1966;27,00000000000000;Hoek van Holland;11,591346371275691;0,05932184389396890;0;36
1967;31,00000000000000;Hoek van Holland;26,425742657237386;0,07415624017993060;0;49
1968;-21,00000000000000;Hoek van Holland;-13,785740890358305;0,03394475663233490;0;64
1969;-37,00000000000000;Hoek van Holland;-23,218550228685007;0,02451194729400820;0;81
1970;-18,00000000000000;Hoek van Holland;6,893632680350997;0,05462413020304420;0;100
1971;-53,00000000000000;Hoek van Holland;-29,482577212236706;0,01824792031045650;0;121
1972;-80,00000000000000;Hoek van Holland;-48,937938207095129;-0,00120744068440192;0;144
1973;4,00000000000000;Hoek van Holland;3,299501893679292;0,05102999941637250;0;169
1974;8,00000000000000;Hoek van Holland;25,822315536765792;0,07355281305945900;0;196
1975;-18,00000000000000;Hoek van Holland;-27,771455643295706;0,01995904187939750;0;225
1976;-44,00000000000000;Hoek van Holland;-38,462429183180397;0,00926806833951281;0;256
1977;-3,00000000000000;Hoek van Holland;8,987659869863293;0,05671815739255650;0;289
1978;-13,00000000000000;Hoek van Holland;-6,857282825814806;0,04087321469687840;0;324
1979;14,00000000000000;Hoek van Holland;-11,263174771186307;0,03646732275150690;0;361
1980;24,00000000000000;Hoek van Holland;-16,827339106299807;0,03090315841639340;0;400
1981;72,00000000000000;Hoek van Holland;12,691569347169789;0,06042206686986300;0;441
1982;53,00000000000000;Hoek van Holland;-17,081103700775405;0,03064939382191780;0;484
1983;72,00000000000000;Hoek van Holland;16,044569636210895;0,06377506715890410;0;529
1984;25,00000000000000;Hoek van Holland;-21,134738728704104;0,02659575879398910;0;576
1985;20,00000000000000;Hoek van Holland;-19,795209546254906;0,02793528797643830;0;625
1986;28,00000000000000;Hoek van Holland;-13,796593330912408;0,03393390419178080;0;676
1987;28,00000000000000;Hoek van Holland;-37,135546944063108;0,01059495057863010;0;729
1988;87,00000000000000;Hoek van Holland;13,144067481077300;0,06087456500377050;0;784
1989;53,00000000000000;Hoek van Holland;-8,329705388446612;0,03940079213424660;0;841
1990;73,00000000000000;Hoek van Holland;29,591637697854701;0,07732213522054790;0;900
1991;-14,00000000000000;Hoek van Holland;-34,678539528172706;0,01305195799452050;0;961
1992;25,00000000000000;Hoek van Holland;-11,236385022693206;0,03649411250000000;0;1024
1993;31,00000000000000;Hoek van Holland;-20,070298602145307;0,02766019892054790;0;1089
1994;64,00000000000000;Hoek van Holland;9,797184200594494;0,05752768172328770;1;1156
1995;74,00000000000000;Hoek van Holland;-5,715585846802803;0,04201491167589040;2;1225
1996;-22,00000000000000;Hoek van Holland;-71,537746331163106;-0,02380724880846990;3;1296
1997;24,00000000000000;Hoek van Holland;-43,758585848720607;0,00397191167397260;4;1369
1998;90,00000000000000;Hoek van Holland;22,008819881416393;0,06973931740410960;5;1444
1999;91,00000000000000;Hoek van Holland;16,435405939498587;0,06416590346219180;6;1521
2000;83,00000000000000;Hoek van Holland;6,711084786049994;0,05444158230874320;7;1600
2001;101,00000000000000;Hoek van Holland;0,979532958128694;0,04871003048082190;8;1681
2002;86,00000000000000;Hoek van Holland;-27,066780394748005;0,02066371712794520;9;1764
2003;64,00000000000000;Hoek van Holland;-41,046343984337042;0,00668415353835616;10;1849
2004;87,00000000000000;Hoek van Holland;-0,513835982802505;0,04721666153989070;11;1936
2005;75,00000000000000;Hoek van Holland;-13,683658307624704;0,03404683921506850;12;2025
2006;72,00000000000000;Hoek van Holland;-12,110215119953509;0,03562028240273970;13;2116
2007;121,00000000000000;Hoek van Holland;13,029411548539699;0,06075990907123290;14;2209
2008;92,00000000000000;Hoek van Holland;4,063344627579994;0,05179384215027320;15;2304
2009;71,00000000000000;Hoek van Holland;-16,491374767624709;0,03123912275506850;16;2401
2010;80,00000000000000;Hoek van Holland;-24,642982265159006;0,02308751525753420;17;2500
2011;86,00000000000000;Hoek van Holland;-6,699978829542509;0,04103051869315070;18;2601
2012;86,00000000000000;Hoek van Holland;-12,608545323239703;0,03512195219945350;19;2704
2013;70,00000000000000;Hoek van Holland;-33,048413192008304;0,01468208433068490;20;2809
2014;101,00000000000000;Hoek van Holland;-13,319480999405506;0,03441101652328770;21;2916
2015;109,00000000000000;Hoek van Holland;-1,407646514474003;0,04632285100821920;22;3025
2016;111,00000000000000;Hoek van Holland;-30,243782047283403;0,01748671547540980;23;3136
2017;133,00000000000000;Hoek van Holland;4,573427214840997;0,05230392473753420;24;3249
2018;75,00000000000000;Hoek van Holland;-46,109641117213755;0,00162085640547945;25;3364
2019;138,00000000000000;Hoek van Holland;-4,421610395843906;0,04330888712684930;26;3481
2020;136,00000000000000;Hoek van Holland;-7,365346711217803;0,04036515081147540;27;3600
2021;128,00000000000000;Hoek van Holland;-24,188381640501404;0,02354211588219180;28;3721
2022;135,00000000000000;Hoek van Holland;-22,019426238766705;0,02571107128392650;29;3844
2023;195,00000000000000;Hoek van Holland;13,593750084170892;0,06132424760686410;30;3969
2024;207,00000000000000;Hoek van Holland;8,458966187810795;0,05618946371050400;31;4096
1865;-280,00000000000000;Den Helder;0,000000000000000;NA;0;0
1866;-146,00000000000000;Den Helder;0,000000000000000;NA;0;0
1867;-201,00000000000000;Den Helder;0,000000000000000;NA;0;0
1868;-202,00000000000000;Den Helder;0,000000000000000;NA;0;0
1869;-198,00000000000000;Den Helder;0,000000000000000;NA;0;0
1870;-255,00000000000000;Den Helder;0,000000000000000;NA;0;0
1871;-262,00000000000000;Den Helder;0,000000000000000;NA;0;0
1872;-204,00000000000000;Den Helder;0,000000000000000;NA;0;0
1873;-194,00000000000000;Den Helder;0,000000000000000;NA;0;0
1874;-210,00000000000000;Den Helder;0,000000000000000;NA;0;0
1875;-256,00000000000000;Den Helder;0,000000000000000;NA;0;0
1876;-192,00000000000000;Den Helder;0,000000000000000;NA;0;0
1877;-108,00000000000000;Den Helder;0,000000000000000;NA;0;0
1878;-131,00000000000000;Den Helder;0,000000000000000;NA;0;0
1879;-190,00000000000000;Den Helder;0,000000000000000;NA;0;0
1880;-159,00000000000000;Den Helder;0,000000000000000;NA;0;0
1881;-208,00000000000000;Den Helder;0,000000000000000;NA;0;0
1882;-178,00000000000000;Den Helder;0,000000000000000;NA;0;0
1883;-188,00000000000000;Den Helder;0,000000000000000;NA;0;0
1884;-174,00000000000000;Den Helder;0,000000000000000;NA;0;0
1885;-194,00000000000000;Den Helder;0,000000000000000;NA;0;0
1886;-183,00000000000000;Den Helder;0,000000000000000;NA;0;0
1887;-226,00000000000000;Den Helder;0,000000000000000;NA;0;0
1888;-221,00000000000000;Den Helder;0,000000000000000;NA;0;0
1889;-181,00000000000000;Den Helder;0,000000000000000;NA;0;0
1890;-191,00000000000000;Den Helder;0,000000000000000;NA;0;0
1891;-157,00000000000000;Den Helder;0,000000000000000;NA;0;0
1892;-156,00000000000000;Den Helder;0,000000000000000;NA;0;0
1893;-136,00000000000000;Den Helder;0,000000000000000;NA;0;0
1894;-138,00000000000000;Den Helder;0,000000000000000;NA;0;0
1895;-162,00000000000000;Den Helder;0,000000000000000;NA;0;0
1896;-183,00000000000000;Den Helder;0,000000000000000;NA;0;0
1897;-173,00000000000000;Den Helder;0,000000000000000;NA;0;0
1898;-131,00000000000000;Den Helder;0,000000000000000;NA;0;0
1899;-132,00000000000000;Den Helder;0,000000000000000;NA;0;0
1900;-175,00000000000000;Den Helder;0,000000000000000;NA;0;0
1901;-223,00000000000000;Den Helder;0,000000000000000;NA;0;0
1902;-260,00000000000000;Den Helder;0,000000000000000;NA;0;0
1903;-165,00000000000000;Den Helder;0,000000000000000;NA;0;0
1904;-133,00000000000000;Den Helder;0,000000000000000;NA;0;0
1905;-171,00000000000000;Den Helder;0,000000000000000;NA;0;0
1906;-129,00000000000000;Den Helder;0,000000000000000;NA;0;0
1907;-157,00000000000000;Den Helder;0,000000000000000;NA;0;0
1908;-176,00000000000000;Den Helder;0,000000000000000;NA;0;0
1909;-129,00000000000000;Den Helder;0,000000000000000;NA;0;0
1910;-112,00000000000000;Den Helder;0,000000000000000;NA;0;0
1911;-142,00000000000000;Den Helder;0,000000000000000;NA;0;0
1912;-90,00000000000000;Den Helder;0,000000000000000;NA;0;0
1913;-132,00000000000000;Den Helder;0,000000000000000;NA;0;0
1914;-96,00000000000000;Den Helder;0,000000000000000;NA;0;0
1915;-127,00000000000000;Den Helder;0,000000000000000;NA;0;0
1916;-98,00000000000000;Den Helder;0,000000000000000;NA;0;0
1917;-152,00000000000000;Den Helder;0,000000000000000;NA;0;0
1918;-135,00000000000000;Den Helder;0,000000000000000;NA;0;0
1919;-137,00000000000000;Den Helder;0,000000000000000;NA;0;0
1920;-147,00000000000000;Den Helder;0,000000000000000;NA;0;0
1921;-135,00000000000000;Den Helder;0,000000000000000;NA;0;0
1922;-148,00000000000000;Den Helder;0,000000000000000;NA;0;0
1923;-125,00000000000000;Den Helder;0,000000000000000;NA;0;0
1924;-144,00000000000000;Den Helder;0,000000000000000;NA;0;0
1925;-102,00000000000000;Den Helder;0,000000000000000;NA;0;0
1926;-133,00000000000000;Den Helder;0,000000000000000;NA;0;0
1927;-133,00000000000000;Den Helder;0,000000000000000;NA;0;0
1928;-118,00000000000000;Den Helder;0,000000000000000;NA;0;0
1929;-152,00000000000000;Den Helder;0,000000000000000;NA;0;0
1930;-101,00000000000000;Den Helder;0,000000000000000;NA;0;0
1931;-96,00000000000000;Den Helder;0,000000000000000;NA;0;0
1932;-109,00000000000000;Den Helder;0,000000000000000;NA;0;0
1933;-166,00000000000000;Den Helder;0,000000000000000;NA;0;0
1934;-160,00000000000000;Den Helder;0,000000000000000;NA;0;0
1935;-105,00000000000000;Den Helder;0,000000000000000;NA;0;0
1936;-93,00000000000000;Den Helder;0,000000000000000;NA;0;0
1937;-108,00000000000000;Den Helder;0,000000000000000;NA;0;0
1938;-23,00000000000000;Den Helder;0,000000000000000;NA;0;0
1939;-137,00000000000000;Den Helder;0,000000000000000;NA;0;0
1940;-118,00000000000000;Den Helder;0,000000000000000;NA;0;0
1941;-157,00000000000000;Den Helder;0,000000000000000;NA;0;0
1942;-143,00000000000000;Den Helder;0,000000000000000;NA;0;0
1943;-92,00000000000000;Den Helder;0,000000000000000;NA;0;0
1944;-88,00000000000000;Den Helder;0,000000000000000;NA;0;0
1945;-82,00000000000000;Den Helder;0,000000000000000;NA;0;0
1946;-97,00000000000000;Den Helder;0,000000000000000;NA;0;0
1947;-183,00000000000000;Den Helder;0,000000000000000;NA;0;0
1948;-100,00000000000000;Den Helder;0,000000000000000;NA;0;0
1949;-63,00000000000000;Den Helder;0,000000000000000;NA;0;0
1950;-70,00000000000000;Den Helder;22,617998554098101;0,07034849607679131;0;0
1951;-94,00000000000000;Den Helder;6,293822288584394;0,05402431981127760;0;0
1952;-78,00000000000000;Den Helder;10,413894036198194;0,05814439155889140;0;0
1953;-107,00000000000000;Den Helder;-28,753985971919406;0,01897651155077380;0;0
1954;-65,00000000000000;Den Helder;25,567344834563393;0,07329784235725660;0;0
1955;-58,00000000000000;Den Helder;4,305434567082997;0,05203593208977620;0;0
1956;-136,00000000000000;Den Helder;-16,675464402269807;0,03105503312042340;0;0
1957;-115,00000000000000;Den Helder;-0,568506949522806;0,04716199057317040;0;0
1958;-78,00000000000000;Den Helder;2,913865261514495;0,05064436278420770;0;0
1959;-117,00000000000000;Den Helder;-43,724834105566586;0,00400566341712662;0;0
1960;-85,00000000000000;Den Helder;-6,088068587737403;0,04164242893495580;0;0
1961;-33,00000000000000;Den Helder;23,858346522895197;0,07158884404558841;0;1
1962;-86,00000000000000;Den Helder;7,314250698052597;0,05504474822074580;0;4
1963;-131,00000000000000;Den Helder;-29,672824663941508;0,01805767285875170;0;9
1964;-89,00000000000000;Den Helder;-33,584121047713907;0,01414637647497930;0;16
1965;-29,00000000000000;Den Helder;27,112373054660090;0,07484287057735330;0;25
1966;-3,00000000000000;Den Helder;18,445172692324796;0,06617567021501800;0;36
1967;19,00000000000000;Den Helder;50,525636594099289;0,09825613411679250;0;49
1968;-60,00000000000000;Den Helder;-10,610599188303404;0,03711989833438980;0;64
1969;-90,00000000000000;Den Helder;-25,815868912780306;0,02191462860991290;0;81
1970;-65,00000000000000;Den Helder;13,943469002046591;0,06167396652473980;0;100
1971;-120,00000000000000;Den Helder;-23,453067354633607;0,02427743016805960;0;121
1972;-132,00000000000000;Den Helder;-46,286356284701789;0,00144414123799142;0;144
1973;-80,00000000000000;Den Helder;15,516283912425791;0,06324678143511900;0;169
1974;-82,00000000000000;Den Helder;37,416263036398995;0,08514676055909220;0;196
1975;-108,00000000000000;Den Helder;-19,697916981578107;0,02803258054111510;0;225
1976;-121,00000000000000;Den Helder;-36,055503006410106;0,01167499451628310;0;256
1977;-42,00000000000000;Den Helder;19,410209121177196;0,06714070664387040;0;289
1978;-63,00000000000000;Den Helder;-0,972674896027407;0,04675782262666580;0;324
1979;-57,00000000000000;Den Helder;-2,232431007624704;0,04549806651506850;0;361
1980;-43,00000000000000;Den Helder;-11,352403886081206;0,03637809363661200;0;400
1981;-5,00000000000000;Den Helder;23,252746277306791;0,07098324380000000;0;441
1982;-29,00000000000000;Den Helder;0,776892033471192;0,04850738955616440;0;484
1983;13,00000000000000;Den Helder;35,864734836210907;0,08359523235890411;0;529
1984;-40,00000000000000;Den Helder;-13,757451898649506;0,03397304562404370;0;576
1985;-38,00000000000000;Den Helder;-7,889394826802807;0,03984110269589040;0;625
1986;-38,00000000000000;Den Helder;-0,171619283515106;0,04755887823917810;0;676
1987;-57,00000000000000;Den Helder;-31,895845804885006;0,01583465171780820;0;729
1988;30,00000000000000;Den Helder;29,135974062006206;0,07686647158469941;0;784
1989;-18,00000000000000;Den Helder;8,038753718402695;0,05576925124109590;0;841
1990;28,00000000000000;Den Helder;57,131456507443794;0,10486195403013700;0;900
1991;-77,00000000000000;Den Helder;-22,170244346419206;0,02556025317627400;0;961
1992;-29,00000000000000;Den Helder;3,234489868017192;0,05096498739071040;0;1024
1993;-41,00000000000000;Den Helder;-12,119263188446602;0,03561123433424660;0;1089
1994;5,00000000000000;Den Helder;25,558815854567094;0,07328931337726030;1;1156
1995;0,00000000000000;Den Helder;3,127799882786292;0,05085829740547950;2;1225
1996;-110,00000000000000;Den Helder;-78,387017411491001;-0,03065651988879780;3;1296
1997;-62,00000000000000;Den Helder;-33,645702215843905;0,01408479530684930;4;1369
1998;18,00000000000000;Den Helder;40,045526184156095;0,08777602370684930;5;1444
1999;13,00000000000000;Den Helder;33,479516934841094;0,08121001445753430;6;1521
2000;11,00000000000000;Den Helder;25,901076980038987;0,07363157450273219;7;1600
2001;10,00000000000000;Den Helder;7,987499542512296;0,05571799706520550;8;1681
2002;-2,00000000000000;Den Helder;-18,845755828939804;0,02888474169375340;9;1764
2003;-12,00000000000000;Den Helder;-33,041473203789110;0,01468902431890410;10;1849
2004;20,00000000000000;Den Helder;14,995220488235788;0,06272571801092899;11;1936
2005;-7,00000000000000;Den Helder;-4,614415715843904;0,04311608180684930;12;2025
2006;-5,00000000000000;Den Helder;2,690898701964294;0,05042139622465750;13;2116
2007;42,00000000000000;Den Helder;25,933386091005396;0,07366388361369861;14;2209
2008;17,00000000000000;Den Helder;22,880749894383293;0,07061124741707650;15;2304
2009;-17,00000000000000;Den Helder;-7,183049251460311;0,04054744827123290;16;2401
2010;-30,00000000000000;Den Helder;-28,285030082693208;0,01944546744000000;17;2500
2011;17,00000000000000;Den Helder;12,515380647580791;0,06024587817027400;18;2601
2012;2,00000000000000;Den Helder;0,934620322935196;0,04866511784562840;19;2704
2013;-27,00000000000000;Den Helder;-27,669804694200007;0,02006069282849320;20;2809
2014;6,00000000000000;Den Helder;0,208517035388994;0,04793901455808220;21;2916
2015;36,00000000000000;Den Helder;23,891395384156091;0,07162189290684930;22;3025
2016;17,00000000000000;Den Helder;-20,552127890999206;0,02717836963169400;23;3136
2017;56,00000000000000;Den Helder;21,935061836758884;0,06966555935945209;24;3249
2018;-11,00000000000000;Den Helder;-41,553986119953485;0,00617651140273972;25;3364
2019;71,00000000000000;Den Helder;10,459732412649295;0,05819022993534250;26;3481
2020;70,00000000000000;Den Helder;12,310212011623697;0,06004070953431690;27;3600
2021;42,00000000000000;Den Helder;-14,402800928172709;0,03332769659452050;28;3721
2022;67,00000000000000;Den Helder;-7,018627886474405;0,04071186963621880;29;3844
2023;123,00000000000000;Den Helder;27,620422547422599;0,07535092007011580;30;3969
2024;134,00000000000000;Den Helder;20,706844541079981;0,06843734206377319;31;4096
1865;-170,00000000000000;Delfzijl;0,000000000000000;NA;0;0
1866;-77,00000000000000;Delfzijl;0,000000000000000;NA;0;0
1867;-54,00000000000000;Delfzijl;0,000000000000000;NA;0;0
1868;-88,00000000000000;Delfzijl;0,000000000000000;NA;0;0
1869;-71,00000000000000;Delfzijl;0,000000000000000;NA;0;0
1870;-165,00000000000000;Delfzijl;0,000000000000000;NA;0;0
1871;-153,00000000000000;Delfzijl;0,000000000000000;NA;0;0
1872;-117,00000000000000;Delfzijl;0,000000000000000;NA;0;0
1873;-86,00000000000000;Delfzijl;0,000000000000000;NA;0;0
1874;-74,00000000000000;Delfzijl;0,000000000000000;NA;0;0
1875;-161,00000000000000;Delfzijl;0,000000000000000;NA;0;0
1876;-130,00000000000000;Delfzijl;0,000000000000000;NA;0;0
1877;17,00000000000000;Delfzijl;0,000000000000000;NA;0;0
1878;-57,00000000000000;Delfzijl;0,000000000000000;NA;0;0
1879;-142,00000000000000;Delfzijl;0,000000000000000;NA;0;0
1880;-85,00000000000000;Delfzijl;0,000000000000000;NA;0;0
1881;-151,00000000000000;Delfzijl;0,000000000000000;NA;0;0
1882;-122,00000000000000;Delfzijl;0,000000000000000;NA;0;0
1883;-170,00000000000000;Delfzijl;0,000000000000000;NA;0;0
1884;-153,00000000000000;Delfzijl;0,000000000000000;NA;0;0
1885;-147,00000000000000;Delfzijl;0,000000000000000;NA;0;0
1886;-166,00000000000000;Delfzijl;0,000000000000000;NA;0;0
1887;-133,00000000000000;Delfzijl;0,000000000000000;NA;0;0
1888;-165,00000000000000;Delfzijl;0,000000000000000;NA;0;0
1889;-129,00000000000000;Delfzijl;0,000000000000000;NA;0;0
1890;-151,00000000000000;Delfzijl;0,000000000000000;NA;0;0
1891;-127,00000000000000;Delfzijl;0,000000000000000;NA;0;0
1892;-127,00000000000000;Delfzijl;0,000000000000000;NA;0;0
1893;-83,00000000000000;Delfzijl;0,000000000000000;NA;0;0
1894;-116,00000000000000;Delfzijl;0,000000000000000;NA;0;0
1895;-128,00000000000000;Delfzijl;0,000000000000000;NA;0;0
1896;-122,00000000000000;Delfzijl;0,000000000000000;NA;0;0
1897;-122,00000000000000;Delfzijl;0,000000000000000;NA;0;0
1898;-65,00000000000000;Delfzijl;0,000000000000000;NA;0;0
1899;-91,00000000000000;Delfzijl;0,000000000000000;NA;0;0
1900;-112,00000000000000;Delfzijl;0,000000000000000;NA;0;0
1901;-130,00000000000000;Delfzijl;0,000000000000000;NA;0;0
1902;-161,00000000000000;Delfzijl;0,000000000000000;NA;0;0
1903;-36,00000000000000;Delfzijl;0,000000000000000;NA;0;0
1904;-134,00000000000000;Delfzijl;0,000000000000000;NA;0;0
1905;-196,00000000000000;Delfzijl;0,000000000000000;NA;0;0
1906;-115,00000000000000;Delfzijl;0,000000000000000;NA;0;0
1907;-130,00000000000000;Delfzijl;0,000000000000000;NA;0;0
1908;-123,00000000000000;Delfzijl;0,000000000000000;NA;0;0
1909;-76,00000000000000;Delfzijl;0,000000000000000;NA;0;0
1910;-66,00000000000000;Delfzijl;0,000000000000000;NA;0;0
1911;-54,00000000000000;Delfzijl;0,000000000000000;NA;0;0
1912;14,00000000000000;Delfzijl;0,000000000000000;NA;0;0
1913;-45,00000000000000;Delfzijl;0,000000000000000;NA;0;0
1914;-40,00000000000000;Delfzijl;0,000000000000000;NA;0;0
1915;-80,00000000000000;Delfzijl;0,000000000000000;NA;0;0
1916;-9,00000000000000;Delfzijl;0,000000000000000;NA;0;0
1917;-73,00000000000000;Delfzijl;0,000000000000000;NA;0;0
1918;-87,00000000000000;Delfzijl;0,000000000000000;NA;0;0
1919;-112,00000000000000;Delfzijl;0,000000000000000;NA;0;0
1920;-85,00000000000000;Delfzijl;0,000000000000000;NA;0;0
1921;-17,00000000000000;Delfzijl;0,000000000000000;NA;0;0
1922;-76,00000000000000;Delfzijl;0,000000000000000;NA;0;0
1923;-52,00000000000000;Delfzijl;0,000000000000000;NA;0;0
1924;-87,00000000000000;Delfzijl;0,000000000000000;NA;0;0
1925;-5,00000000000000;Delfzijl;0,000000000000000;NA;0;0
1926;-17,00000000000000;Delfzijl;0,000000000000000;NA;0;0
1927;-43,00000000000000;Delfzijl;0,000000000000000;NA;0;0
1928;-30,00000000000000;Delfzijl;0,000000000000000;NA;0;0
1929;-69,00000000000000;Delfzijl;0,000000000000000;NA;0;0
1930;-47,00000000000000;Delfzijl;0,000000000000000;NA;0;0
1931;-17,00000000000000;Delfzijl;0,000000000000000;NA;0;0
1932;-34,00000000000000;Delfzijl;0,000000000000000;NA;0;0
1933;-79,00000000000000;Delfzijl;0,000000000000000;NA;0;0
1934;-57,00000000000000;Delfzijl;0,000000000000000;NA;0;0
1935;-14,00000000000000;Delfzijl;0,000000000000000;NA;0;0
1936;-15,00000000000000;Delfzijl;0,000000000000000;NA;0;0
1937;-52,00000000000000;Delfzijl;0,000000000000000;NA;0;0
1938;-5,00000000000000;Delfzijl;0,000000000000000;NA;0;0
1939;-68,00000000000000;Delfzijl;0,000000000000000;NA;0;0
1940;-47,00000000000000;Delfzijl;0,000000000000000;NA;0;0
1941;-99,00000000000000;Delfzijl;0,000000000000000;NA;0;0
1942;-78,00000000000000;Delfzijl;0,000000000000000;NA;0;0
1943;-10,00000000000000;Delfzijl;0,000000000000000;NA;0;0
1944;21,00000000000000;Delfzijl;0,000000000000000;NA;0;0
1945;22,00000000000000;Delfzijl;0,000000000000000;NA;0;0
1946;-5,00000000000000;Delfzijl;0,000000000000000;NA;0;0
1947;-106,00000000000000;Delfzijl;0,000000000000000;NA;0;0
1948;-10,00000000000000;Delfzijl;0,000000000000000;NA;0;0
1949;13,00000000000000;Delfzijl;0,000000000000000;NA;0;0
1950;-21,00000000000000;Delfzijl;27,713035494313395;0,07544353301700660;0;0
1951;-47,00000000000000;Delfzijl;7,460593519675996;0,05519109104236920;0;0
1952;2,00000000000000;Delfzijl;20,420001401951389;0,06815049892464460;0;0
1953;-27,00000000000000;Delfzijl;-13,233236336269407;0,03449726118642380;0;0
1954;-19,00000000000000;Delfzijl;34,156250058808290;0,08188674758150150;0;0
1955;4,00000000000000;Delfzijl;21,534779630953288;0,06926527715364650;0;0
1956;-40,00000000000000;Delfzijl;0,170636386495993;0,04790113390918920;0;0
1957;-20,00000000000000;Delfzijl;11,664026744173590;0,05939452426686680;0;0
1958;-30,00000000000000;Delfzijl;5,883443563290896;0,05361394108598410;0;0
1959;-63,00000000000000;Delfzijl;-34,318319319854808;0,01341217820283840;0;0
1960;-15,00000000000000;Delfzijl;-15,096566283902405;0,03263393123879080;0;0
1961;86,00000000000000;Delfzijl;32,535195373069890;0,08026569289576310;0;1
1962;16,00000000000000;Delfzijl;26,018170877903096;0,07374866840059630;0;4
1963;-29,00000000000000;Delfzijl;-22,470204618165205;0,02526029290452800;0;9
1964;-14,00000000000000;Delfzijl;-17,273601995548308;0,03045689552714490;0;16
1965;0,00000000000000;Delfzijl;32,202022635532096;0,07993252015822530;0;25
1966;30,00000000000000;Delfzijl;15,636050019969190;0,06336654754266240;0;36
1967;103,00000000000000;Delfzijl;65,585686194277798;0,11331618371697100;0;49
1968;37,00000000000000;Delfzijl;-5,467831029428311;0,04226266649326490;0;64
1969;12,00000000000000;Delfzijl;-24,710310133689706;0,02302018738900350;0;81
1970;62,00000000000000;Delfzijl;21,561329932469796;0,06929182745516300;0;100
1971;26,00000000000000;Delfzijl;-7,049137575148904;0,04068135994754430;0;121
1972;-57,00000000000000;Delfzijl;-41,718684086440064;0,00601181343625314;0;144
1973;35,00000000000000;Delfzijl;41,221570776081201;0,08895206829877440;0;169
1974;35,00000000000000;Delfzijl;39,550021315753590;0,08728051883844680;0;196
1975;7,00000000000000;Delfzijl;-5,047391642630302;0,04268310588006290;0;225
1976;-22,00000000000000;Delfzijl;-21,365247872776504;0,02636524964991670;0;256
1977;15,00000000000000;Delfzijl;24,292009704753688;0,07202250722744689;0;289
1978;15,00000000000000;Delfzijl;6,168384873723895;0,05389888239641710;0;324
1979;1,00000000000000;Delfzijl;-6,028702577487707;0,04170179494520550;0;361
1980;45,00000000000000;Delfzijl;-0,485909498103005;0,04724458802459020;0;400
1981;107,00000000000000;Delfzijl;39,952639603334198;0,08768313712602741;0;441
1982;79,00000000000000;Delfzijl;11,836220464704098;0,05956671798739730;0;484
1983;128,00000000000000;Delfzijl;57,712138545799796;0,10544263606849300;0;529
1984;31,00000000000000;Delfzijl;-3,966243345097602;0,04376425417759560;0;576
1985;47,00000000000000;Delfzijl;6,864365802238297;0,05459486332493150;0;625
1986;19,00000000000000;Delfzijl;13,441716973197195;0,06117221449589040;0;676
1987;23,00000000000000;Delfzijl;-22,934923262419204;0,02479557426027400;0;729
1988;111,00000000000000;Delfzijl;40,318191712279493;0,08804868923497269;0;784
1989;75,00000000000000;Delfzijl;26,954826838950588;0,07468532436164380;0;841
1990;124,00000000000000;Delfzijl;79,251761833470795;0,12698225935616400;0;900
1991;9,00000000000000;Delfzijl;0,972448904704095;0,04870294642739730;0;961
1992;57,00000000000000;Delfzijl;17,309590824847795;0,06504008834754101;0;1024
1993;54,00000000000000;Delfzijl;3,795964543608193;0,05152646206630140;0;1089
1994;93,00000000000000;Delfzijl;36,494110833471190;0,08422460835616440;1;1156
1995;106,00000000000000;Delfzijl;20,514533820594501;0,06824503134328770;2;1225
1996;-37,00000000000000;Delfzijl;-69,919852011764206;-0,02218935448907100;3;1296
1997;39,00000000000000;Delfzijl;-15,856840259679505;0,03187365726301370;4;1369
1998;131,00000000000000;Delfzijl;47,630141238950593;0,09536063876164380;5;1444
1999;123,00000000000000;Delfzijl;42,733829369087594;0,09046432689178080;6;1521
2000;117,00000000000000;Delfzijl;31,736447187689301;0,07946694471038250;7;1600
2001;126,00000000000000;Delfzijl;14,483148471361595;0,06221364599405480;8;1681
2002;106,00000000000000;Delfzijl;-12,356194003789106;0,03537430351890410;9;1764
2003;86,00000000000000;Delfzijl;-14,736027029542505;0,03299447049315070;10;1849
2004;116,00000000000000;Delfzijl;27,289641622115504;0,07502013914480871;11;1936
2005;81,00000000000000;Delfzijl;9,844722417032798;0,05757521993972600;12;2025
2006;80,00000000000000;Delfzijl;14,440937181416395;0,06217143470410960;13;2116
2007;155,00000000000000;Delfzijl;47,841784063608195;0,09557228158630141;14;2209
2008;117,00000000000000;Delfzijl;35,042373933591001;0,08277287145628420;15;2304
2009;81,00000000000000;Delfzijl;-0,795001161049406;0,04693549636164380;16;2401
2010;67,00000000000000;Delfzijl;-22,625290443241106;0,02510520707945210;17;2500
2011;122,00000000000000;Delfzijl;28,799493855388995;0,07652999137808220;18;2601
2012;106,00000000000000;Delfzijl;13,303858529765797;0,06103435605245900;19;2704
2013;82,00000000000000;Delfzijl;-16,922994026802805;0,03080750349589040;20;2809
2014;126,00000000000000;Delfzijl;3,793282474840993;0,05152377999753420;21;2916
2015;179,00000000000000;Delfzijl;47,809423904704097;0,09553992142739730;22;3025
2016;144,00000000000000;Delfzijl;-12,631897035808009;0,03509860048688520;23;3136
2017;202,00000000000000;Delfzijl;41,136694880046498;0,08886719240273970;24;3249
2018;105,00000000000000;Delfzijl;-31,049220539131607;0,01668127698356160;25;3364
2019;195,00000000000000;Delfzijl;20,837498945799986;0,06856799646849319;26;3481
2020;205,00000000000000;Delfzijl;23,159536302443392;0,07089003382513660;27;3600
2021;182,00000000000000;Delfzijl;-3,465354947350704;0,04426514257534250;28;3721
2022;165,00000000000000;Delfzijl;11,248780662698891;0,05897927818539210;29;3844
2023;223,00000000000000;Delfzijl;35,814373412789301;0,08354487093548250;30;3969
2024;218,00000000000000;Delfzijl;24,510861811644098;0,07224135933433730;31;4096
1865;-248,00000000000000;Harlingen;0,000000000000000;NA;0;0
1866;-104,00000000000000;Harlingen;0,000000000000000;NA;0;0
1867;-133,00000000000000;Harlingen;0,000000000000000;NA;0;0
1868;-123,00000000000000;Harlingen;0,000000000000000;NA;0;0
1869;-141,00000000000000;Harlingen;0,000000000000000;NA;0;0
1870;-243,00000000000000;Harlingen;0,000000000000000;NA;0;0
1871;-167,00000000000000;Harlingen;0,000000000000000;NA;0;0
1872;-112,00000000000000;Harlingen;0,000000000000000;NA;0;0
1873;-98,00000000000000;Harlingen;0,000000000000000;NA;0;0
1874;-107,00000000000000;Harlingen;0,000000000000000;NA;0;0
1875;-185,00000000000000;Harlingen;0,000000000000000;NA;0;0
1876;-133,00000000000000;Harlingen;0,000000000000000;NA;0;0
1877;-53,00000000000000;Harlingen;0,000000000000000;NA;0;0
1878;-58,00000000000000;Harlingen;0,000000000000000;NA;0;0
1879;-139,00000000000000;Harlingen;0,000000000000000;NA;0;0
1880;-58,00000000000000;Harlingen;0,000000000000000;NA;0;0
1881;-129,00000000000000;Harlingen;0,000000000000000;NA;0;0
1882;-84,00000000000000;Harlingen;0,000000000000000;NA;0;0
1883;-109,00000000000000;Harlingen;0,000000000000000;NA;0;0
1884;-87,00000000000000;Harlingen;0,000000000000000;NA;0;0
1885;-124,00000000000000;Harlingen;0,000000000000000;NA;0;0
1886;-134,00000000000000;Harlingen;0,000000000000000;NA;0;0
1887;-142,00000000000000;Harlingen;0,000000000000000;NA;0;0
1888;-151,00000000000000;Harlingen;0,000000000000000;NA;0;0
1889;-114,00000000000000;Harlingen;0,000000000000000;NA;0;0
1890;-120,00000000000000;Harlingen;0,000000000000000;NA;0;0
1891;-100,00000000000000;Harlingen;0,000000000000000;NA;0;0
1892;-91,00000000000000;Harlingen;0,000000000000000;NA;0;0
1893;-74,00000000000000;Harlingen;0,000000000000000;NA;0;0
1894;-70,00000000000000;Harlingen;0,000000000000000;NA;0;0
1895;-104,00000000000000;Harlingen;0,000000000000000;NA;0;0
1896;-101,00000000000000;Harlingen;0,000000000000000;NA;0;0
1897;-82,00000000000000;Harlingen;0,000000000000000;NA;0;0
1898;-42,00000000000000;Harlingen;0,000000000000000;NA;0;0
1899;-79,00000000000000;Harlingen;0,000000000000000;NA;0;0
1900;-114,00000000000000;Harlingen;0,000000000000000;NA;0;0
1901;-126,00000000000000;Harlingen;0,000000000000000;NA;0;0
1902;-136,00000000000000;Harlingen;0,000000000000000;NA;0;0
1903;-15,00000000000000;Harlingen;0,000000000000000;NA;0;0
1904;-84,00000000000000;Harlingen;0,000000000000000;NA;0;0
1905;-78,00000000000000;Harlingen;0,000000000000000;NA;0;0
1906;-50,00000000000000;Harlingen;0,000000000000000;NA;0;0
1907;-78,00000000000000;Harlingen;0,000000000000000;NA;0;0
1908;-105,00000000000000;Harlingen;0,000000000000000;NA;0;0
1909;-59,00000000000000;Harlingen;0,000000000000000;NA;0;0
1910;-47,00000000000000;Harlingen;0,000000000000000;NA;0;0
1911;-77,00000000000000;Harlingen;0,000000000000000;NA;0;0
1912;-1,00000000000000;Harlingen;0,000000000000000;NA;0;0
1913;-25,00000000000000;Harlingen;0,000000000000000;NA;0;0
1914;-10,00000000000000;Harlingen;0,000000000000000;NA;0;0
1915;-74,00000000000000;Harlingen;0,000000000000000;NA;0;0
1916;-4,00000000000000;Harlingen;0,000000000000000;NA;0;0
1917;-53,00000000000000;Harlingen;0,000000000000000;NA;0;0
1918;-34,00000000000000;Harlingen;0,000000000000000;NA;0;0
1919;-60,00000000000000;Harlingen;0,000000000000000;NA;0;0
1920;-53,00000000000000;Harlingen;0,000000000000000;NA;0;0
1921;-35,00000000000000;Harlingen;0,000000000000000;NA;0;0
1922;-52,00000000000000;Harlingen;0,000000000000000;NA;0;0
1923;-8,00000000000000;Harlingen;0,000000000000000;NA;0;0
1924;-39,00000000000000;Harlingen;0,000000000000000;NA;0;0
1925;18,00000000000000;Harlingen;0,000000000000000;NA;0;0
1926;6,00000000000000;Harlingen;0,000000000000000;NA;0;0
1927;-10,00000000000000;Harlingen;0,000000000000000;NA;0;0
1928;8,00000000000000;Harlingen;0,000000000000000;NA;0;0
1929;-68,00000000000000;Harlingen;0,000000000000000;NA;0;0
1930;-36,00000000000000;Harlingen;0,000000000000000;NA;0;0
1931;-15,00000000000000;Harlingen;0,000000000000000;NA;0;0
1932;-29,00000000000000;Harlingen;0,000000000000000;NA;0;0
1933;-85,00000000000000;Harlingen;0,000000000000000;NA;0;0
1934;-55,00000000000000;Harlingen;0,000000000000000;NA;0;0
1935;-3,00000000000000;Harlingen;0,000000000000000;NA;0;0
1936;-13,00000000000000;Harlingen;0,000000000000000;NA;0;0
1937;-46,00000000000000;Harlingen;0,000000000000000;NA;0;0
1938;-13,00000000000000;Harlingen;0,000000000000000;NA;0;0
1939;-63,00000000000000;Harlingen;0,000000000000000;NA;0;0
1940;-57,00000000000000;Harlingen;0,000000000000000;NA;0;0
1941;-95,00000000000000;Harlingen;0,000000000000000;NA;0;0
1942;-59,00000000000000;Harlingen;0,000000000000000;NA;0;0
1943;-13,00000000000000;Harlingen;0,000000000000000;NA;0;0
1944;-11,00000000000000;Harlingen;0,000000000000000;NA;0;0
1945;-9,00000000000000;Harlingen;0,000000000000000;NA;0;0
1946;-32,00000000000000;Harlingen;0,000000000000000;NA;0;0
1947;-103,00000000000000;Harlingen;0,000000000000000;NA;0;0
1948;-10,00000000000000;Harlingen;0,000000000000000;NA;0;0
1949;8,00000000000000;Harlingen;0,000000000000000;NA;0;0
1950;2,00000000000000;Harlingen;44,005481024331182;0,09173597854702439;0;0
1951;-19,00000000000000;Harlingen;23,034969170687297;0,07076546669338050;0;0
1952;3,00000000000000;Harlingen;25,506469748877301;0,07323696727157050;0;0
1953;-42,00000000000000;Harlingen;-11,076622087194806;0,03665387543549840;0;0
1954;-16,00000000000000;Harlingen;49,760412204188789;0,09749090972688200;0;0
1955;-19,00000000000000;Harlingen;16,713353113227690;0,06444385063592090;0;0
1956;-61,00000000000000;Harlingen;-1,246523865723901;0,04648397365696930;0;0
1957;-15,00000000000000;Harlingen;16,598510551554490;0,06432900807424770;0;0
1958;-9,00000000000000;Harlingen;14,345010608046600;0,06207550813073980;0;0
1959;-59,00000000000000;Harlingen;-33,929856314724702;0,01380064120796850;0;0
1960;-24,00000000000000;Harlingen;0,745422465903488;0,04847591998859670;0;0
1961;58,00000000000000;Harlingen;42,986944239453685;0,09071744176214690;0;1
1962;4,00000000000000;Harlingen;28,651570970901695;0,07638206849359490;0;4
1963;-73,00000000000000;Harlingen;-18,314350884285506;0,02941614663840770;0;9
1964;-60,00000000000000;Harlingen;-19,316788951413507;0,02841370857127970;0;16
1965;11,00000000000000;Harlingen;44,186663176731493;0,09191716069942470;0;25
1966;27,00000000000000;Harlingen;30,920602193147893;0,07865109971584110;0;36
1967;89,00000000000000;Harlingen;79,923558502541795;0,12765405602523500;0;49
1968;-2,00000000000000;Harlingen;-0,385190599904703;0,04734530692278850;0;64
1969;-3,00000000000000;Harlingen;-20,899058831758907;0,02683143869093430;0;81
1970;63,00000000000000;Harlingen;30,184008651318400;0,07791450617401161;0;100
1971;-15,00000000000000;Harlingen;-10,736138145789106;0,03699435937690410;0;121
1972;-13,00000000000000;Harlingen;-37,526881768033704;0,01020361575465950;0;144
1973;48,00000000000000;Harlingen;37,189323223637182;0,08491982074633039;0;169
1974;43,00000000000000;Harlingen;56,448322800658794;0,10417882032335200;0;196
1975;-8,00000000000000;Harlingen;-5,895616698990004;0,04183488082370320;0;225
1976;-42,00000000000000;Harlingen;-26,950792445568503;0,02077970507712470;0;256
1977;21,00000000000000;Harlingen;36,612377951834894;0,08434287547452810;0;289
1978;-7,00000000000000;Harlingen;11,190162428866294;0,05892065995155950;0;324
1979;15,00000000000000;Harlingen;9,382220483608194;0,05711271800630140;0;361
1980;52,00000000000000;Harlingen;3,473191851623696;0,05120368937431690;0;400
1981;76,00000000000000;Harlingen;42,292628682786194;0,09002312620547941;0;441
1982;51,00000000000000;Harlingen;23,173340466347888;0,07090383798904110;0;484
1983;100,00000000000000;Harlingen;63,271777704703801;0,11100227522739700;0;529
1984;16,00000000000000;Harlingen;2,613196761459797;0,05034369428415300;0;576
1985;16,00000000000000;Harlingen;10,304191880046496;0,05803468940273970;0;625
1986;18,00000000000000;Harlingen;20,978355321142395;0,06870885284383560;0;676
1987;-11,00000000000000;Harlingen;-21,037728394474005;0,02669276912821920;0;729
1988;87,00000000000000;Harlingen;52,842762458180793;0,10057325998087401;0;784
1989;35,00000000000000;Harlingen;28,885691332101295;0,07661618885479450;0;841
1990;95,00000000000000;Harlingen;90,733536608813807;0,13846403413150701;0;900
1991;-42,00000000000000;Harlingen;-1,800849566528804;0,04592964795616440;0;961
1992;9,00000000000000;Harlingen;24,550246299711198;0,07228074382240440;0;1024
1993;3,00000000000000;Harlingen;5,040299318402695;0,05277079684109590;0;1089
1994;55,00000000000000;Harlingen;48,374566647991692;0,09610506417068490;1;1156
1995;53,00000000000000;Harlingen;20,543897704704086;0,06827439522739730;2;1225
1996;-95,00000000000000;Harlingen;-77,104586661217809;-0,02937408913852460;3;1296
1997;-9,00000000000000;Harlingen;-18,070030095295905;0,02966046742739730;4;1369
1998;89,00000000000000;Harlingen;64,678124592374786;0,11240862211506800;5;1444
1999;80,00000000000000;Harlingen;56,026121431827796;0,10375661895452100;6;1521
2000;77,00000000000000;Harlingen;48,494100990968001;0,09622459851366121;7;1600
2001;67,00000000000000;Harlingen;22,000421589635600;0,06973091911232880;8;1681
2002;53,00000000000000;Harlingen;-3,869445507898710;0,04386105201479450;9;1764
2003;39,00000000000000;Harlingen;-19,054373196665807;0,02867612432602740;10;1849
2004;88,00000000000000;Harlingen;36,842284190967995;0,08457278171366120;11;1936
2005;58,00000000000000;Harlingen;11,401065604704094;0,05913156312739730;12;2025
2006;65,00000000000000;Harlingen;22,433775948539697;0,07016427347123290;13;2116
2007;122,00000000000000;Harlingen;48,417277277306802;0,09614777480000000;14;2209
2008;98,00000000000000;Harlingen;45,316902444519904;0,09304739996721310;15;2304
2009;52,00000000000000;Harlingen;7,110330010183496;0,05484082753287670;16;2401
2010;30,00000000000000;Harlingen;-25,125340944611004;0,02260515657808220;17;2500
2011;96,00000000000000;Harlingen;37,276126047169790;0,08500662356986299;18;2601
2012;83,00000000000000;Harlingen;20,148853949984392;0,06787935147267760;19;2704
2013;40,00000000000000;Harlingen;-16,927313941871308;0,03080318358082190;20;2809
2014;93,00000000000000;Harlingen;16,176398183690388;0,06390689570638360;21;2916
2015;140,00000000000000;Harlingen;55,112656726621800;0,10284315424931501;22;3025
2016;103,00000000000000;Harlingen;-5,611437695097607;0,04211905982759560;23;3136
2017;149,00000000000000;Harlingen;44,842010641690401;0,09257250816438360;24;3249
2018;47,00000000000000;Harlingen;-32,664994651460304;0,01506550287123290;25;3364
2019;140,00000000000000;Harlingen;29,009007077306784;0,07673950459999999;26;3481
2020;153,00000000000000;Harlingen;36,350404138508999;0,08408090166120220;27;3600
2021;117,00000000000000;Harlingen;0,312605891005397;0,04804310341369860;28;3721
2022;142,00000000000000;Harlingen;11,805407967744799;0,05953590549043800;29;3844
2023;204,00000000000000;Harlingen;47,505232358243994;0,09523572988093720;30;3969
2024;203,00000000000000;Harlingen;36,746277921251597;0,08447677544394480;31;4096
1872;-139,00000000000000;IJmuiden;0,000000000000000;NA;0;0
1873;-94,00000000000000;IJmuiden;0,000000000000000;NA;0;0
1874;-104,00000000000000;IJmuiden;0,000000000000000;NA;0;0
1875;-175,00000000000000;IJmuiden;0,000000000000000;NA;0;0
1876;-132,00000000000000;IJmuiden;0,000000000000000;NA;0;0
1877;-32,00000000000000;IJmuiden;0,000000000000000;NA;0;0
1878;-39,00000000000000;IJmuiden;0,000000000000000;NA;0;0
1879;-117,00000000000000;IJmuiden;0,000000000000000;NA;0;0
1880;-97,00000000000000;IJmuiden;0,000000000000000;NA;0;0
1881;-166,00000000000000;IJmuiden;0,000000000000000;NA;0;0
1882;-61,00000000000000;IJmuiden;0,000000000000000;NA;0;0
1883;-102,00000000000000;IJmuiden;0,000000000000000;NA;0;0
1884;-153,00000000000000;IJmuiden;0,000000000000000;NA;0;0
1885;-166,00000000000000;IJmuiden;0,000000000000000;NA;0;0
1886;-161,00000000000000;IJmuiden;0,000000000000000;NA;0;0
1887;-233,00000000000000;IJmuiden;0,000000000000000;NA;0;0
1888;-259,00000000000000;IJmuiden;0,000000000000000;NA;0;0
1889;-206,00000000000000;IJmuiden;0,000000000000000;NA;0;0
1890;-236,00000000000000;IJmuiden;0,000000000000000;NA;0;0
1891;-197,00000000000000;IJmuiden;0,000000000000000;NA;0;0
1892;-164,00000000000000;IJmuiden;0,000000000000000;NA;0;0
1893;-117,00000000000000;IJmuiden;0,000000000000000;NA;0;0
1894;-122,00000000000000;IJmuiden;0,000000000000000;NA;0;0
1895;-224,00000000000000;IJmuiden;0,000000000000000;NA;0;0
1896;-230,00000000000000;IJmuiden;0,000000000000000;NA;0;0
1897;-212,00000000000000;IJmuiden;0,000000000000000;NA;0;0
1898;-178,00000000000000;IJmuiden;0,000000000000000;NA;0;0
1899;-166,00000000000000;IJmuiden;0,000000000000000;NA;0;0
1900;-193,00000000000000;IJmuiden;0,000000000000000;NA;0;0
1901;-199,00000000000000;IJmuiden;0,000000000000000;NA;0;0
1902;-275,00000000000000;IJmuiden;0,000000000000000;NA;0;0
1903;-183,00000000000000;IJmuiden;0,000000000000000;NA;0;0
1904;-220,00000000000000;IJmuiden;0,000000000000000;NA;0;0
1905;-229,00000000000000;IJmuiden;0,000000000000000;NA;0;0
1906;-188,00000000000000;IJmuiden;0,000000000000000;NA;0;0
1907;-238,00000000000000;IJmuiden;0,000000000000000;NA;0;0
1908;-237,00000000000000;IJmuiden;0,000000000000000;NA;0;0
1909;-157,00000000000000;IJmuiden;0,000000000000000;NA;0;0
1910;-143,00000000000000;IJmuiden;0,000000000000000;NA;0;0
1911;-167,00000000000000;IJmuiden;0,000000000000000;NA;0;0
1912;-106,00000000000000;IJmuiden;0,000000000000000;NA;0;0
1913;-126,00000000000000;IJmuiden;0,000000000000000;NA;0;0
1914;-102,00000000000000;IJmuiden;0,000000000000000;NA;0;0
1915;-136,00000000000000;IJmuiden;0,000000000000000;NA;0;0
1916;-87,00000000000000;IJmuiden;0,000000000000000;NA;0;0
1917;-144,00000000000000;IJmuiden;0,000000000000000;NA;0;0
1918;-160,00000000000000;IJmuiden;0,000000000000000;NA;0;0
1919;-210,00000000000000;IJmuiden;0,000000000000000;NA;0;0
1920;-212,00000000000000;IJmuiden;0,000000000000000;NA;0;0
1921;-195,00000000000000;IJmuiden;0,000000000000000;NA;0;0
1922;-195,00000000000000;IJmuiden;0,000000000000000;NA;0;0
1923;-173,00000000000000;IJmuiden;0,000000000000000;NA;0;0
1924;-189,00000000000000;IJmuiden;0,000000000000000;NA;0;0
1925;-143,00000000000000;IJmuiden;0,000000000000000;NA;0;0
1926;-152,00000000000000;IJmuiden;0,000000000000000;NA;0;0
1927;-119,00000000000000;IJmuiden;0,000000000000000;NA;0;0
1928;-99,00000000000000;IJmuiden;0,000000000000000;NA;0;0
1929;-159,00000000000000;IJmuiden;0,000000000000000;NA;0;0
1930;-116,00000000000000;IJmuiden;0,000000000000000;NA;0;0
1931;-115,00000000000000;IJmuiden;0,000000000000000;NA;0;0
1932;-126,00000000000000;IJmuiden;0,000000000000000;NA;0;0
1933;-172,00000000000000;IJmuiden;0,000000000000000;NA;0;0
1934;-154,00000000000000;IJmuiden;0,000000000000000;NA;0;0
1935;-108,00000000000000;IJmuiden;0,000000000000000;NA;0;0
1936;-75,00000000000000;IJmuiden;0,000000000000000;NA;0;0
1937;-77,00000000000000;IJmuiden;0,000000000000000;NA;0;0
1938;-109,00000000000000;IJmuiden;0,000000000000000;NA;0;0
1939;-106,00000000000000;IJmuiden;0,000000000000000;NA;0;0
1940;-111,00000000000000;IJmuiden;0,000000000000000;NA;0;0
1941;-133,00000000000000;IJmuiden;0,000000000000000;NA;0;0
1942;-123,00000000000000;IJmuiden;0,000000000000000;NA;0;0
1943;-66,00000000000000;IJmuiden;0,000000000000000;NA;0;0
1944;-46,00000000000000;IJmuiden;0,000000000000000;NA;0;0
1945;-110,00000000000000;IJmuiden;0,000000000000000;NA;0;0
1946;-121,00000000000000;IJmuiden;0,000000000000000;NA;0;0
1947;-146,00000000000000;IJmuiden;0,000000000000000;NA;0;0
1948;-55,00000000000000;IJmuiden;0,000000000000000;NA;0;0
1949;-51,00000000000000;IJmuiden;0,000000000000000;NA;0;0
1950;-41,00000000000000;IJmuiden;18,403674224615891;0,06613417174730910;0;0
1951;-53,00000000000000;IJmuiden;2,417789127340590;0,05014828665003380;0;0
1952;-33,00000000000000;IJmuiden;9,197477313805592;0,05692797483649880;0;0
1953;-85,00000000000000;IJmuiden;-32,699549312236606;0,01503094821045660;0;0
1954;-63,00000000000000;IJmuiden;21,585329974881397;0,06931582749757460;0;0
1955;-38,00000000000000;IJmuiden;3,650196474014699;0,05138069399670790;0;0
1956;-95,00000000000000;IJmuiden;-17,503799396507308;0,03022669812618590;0;0
1957;-65,00000000000000;IJmuiden;-3,509249491520407;0,04422124803117280;0;0
1958;-64,00000000000000;IJmuiden;3,491059588109998;0,05122155711080320;0;0
1959;-91,00000000000000;IJmuiden;-44,261801840436618;0,00346869568225659;0;0
1960;-42,00000000000000;IJmuiden;-3,597779462039007;0,04413271806065420;0;0
1961;3,00000000000000;IJmuiden;20,392552419496504;0,06812304994218971;0;1
1962;-47,00000000000000;IJmuiden;3,878418089000093;0,05160891561169330;0;4
1963;-86,00000000000000;IJmuiden;-30,266060611480906;0,01746443691121230;0;9
1964;-74,00000000000000;IJmuiden;-35,342317772221406;0,01238817975047180;0;16
1965;-35,00000000000000;IJmuiden;26,181250627644793;0,07391174815033801;0;25
1966;7,00000000000000;IJmuiden;19,274827042589187;0,06700532456528240;0;36
1967;16,00000000000000;IJmuiden;43,618721946889998;0,09134921946958320;0;49
1968;-52,00000000000000;IJmuiden;-9,656268007031706;0,03807422951566150;0;64
1969;-67,00000000000000;IJmuiden;-22,099194440205004;0,02563130308248820;0;81
1970;-43,00000000000000;IJmuiden;14,330029830254695;0,06206052735294790;0;100
1971;-84,00000000000000;IJmuiden;-24,802469109305207;0,02292802841338800;0;121
1972;-117,00000000000000;IJmuiden;-45,577283100501219;0,00215321442219199;0;144
1973;-51,00000000000000;IJmuiden;12,462462386059997;0,06019295990875320;0;169
1974;-42,00000000000000;IJmuiden;36,505995979884496;0,08423649350257770;0;196
1975;-86,00000000000000;IJmuiden;-22,077866191304906;0,02565263133138830;0;225
1976;-109,00000000000000;IJmuiden;-35,705403104644702;0,01202509441804850;0;256
1977;-58,00000000000000;IJmuiden;17,961372762428290;0,06569187028512150;0;289
1978;-28,00000000000000;IJmuiden;-0,635793832455008;0,04709470369023820;0;324
1979;-38,00000000000000;IJmuiden;-3,588480793926102;0,04414201672876710;0;361
1980;5,00000000000000;IJmuiden;-10,833940659305206;0,03689655686338800;0;400
1981;2,00000000000000;IJmuiden;21,585675247169796;0,06931617276986300;0;441
1982;-13,00000000000000;IJmuiden;-4,711430602145299;0,04301906692054790;0;484
1983;26,00000000000000;IJmuiden;29,893114433471204;0,07762361195616441;0;529
1984;-28,00000000000000;IJmuiden;-14,392579912037505;0,03333791761065570;0;576
1985;-30,00000000000000;IJmuiden;-11,029487262419202;0,03670101026027400;0;625
1986;-34,00000000000000;IJmuiden;-3,513342790090505;0,04421715473260270;0;676
1987;-34,00000000000000;IJmuiden;-32,282938537761709;0,01544755898493150;0;729
1988;30,00000000000000;IJmuiden;25,518266072935198;0,07324876359562840;0;784
1989;5,00000000000000;IJmuiden;2,368301184156095;0,05009879870684930;0;841
1990;33,00000000000000;IJmuiden;48,360056682786301;0,09609055420547950;0;900
1991;-62,00000000000000;IJmuiden;-25,868038925432906;0,02186245859726030;0;961
1992;-15,00000000000000;IJmuiden;-0,307894604660412;0,04742260291803280;0;1024
1993;-21,00000000000000;IJmuiden;-12,857725095843904;0,03487277242684930;0;1089
1994;21,00000000000000;IJmuiden;22,291683641690405;0,07002218116438361;1;1156
1995;22,00000000000000;IJmuiden;1,401756218950595;0,04913225374164380;2;1225
1996;-79,00000000000000;IJmuiden;-74,362848229824309;-0,02663235070713110;3;1296
1997;-25,00000000000000;IJmuiden;-36,870358517213802;0,01086013900547940;4;1369
1998;57,00000000000000;IJmuiden;36,326301989635603;0,08405679951232881;5;1444
1999;49,00000000000000;IJmuiden;29,205742225251988;0,07693623974794520;6;1521
2000;46,00000000000000;IJmuiden;20,786690160366895;0,06851718768306010;7;1600
2001;53,00000000000000;IJmuiden;8,015833140977989;0,05574633066367120;8;1681
2002;42,00000000000000;IJmuiden;-19,804877026254808;0,02792562049643840;9;1764
2003;33,00000000000000;IJmuiden;-35,784976779559003;0,01194552074313420;10;1849
2004;52,00000000000000;IJmuiden;11,180293893426992;0,05891079141612020;11;1936
2005;36,00000000000000;IJmuiden;-6,521036503515106;0,04120946101917810;12;2025
2006;35,00000000000000;IJmuiden;-1,687423928172706;0,04604307359452050;13;2116
2007;83,00000000000000;IJmuiden;23,062954945799994;0,07079345246849320;14;2209
2008;55,00000000000000;IJmuiden;17,292526195885991;0,06502302371857920;15;2304
2009;14,00000000000000;IJmuiden;-9,039803996665803;0,03869069352602740;16;2401
2010;2,00000000000000;IJmuiden;-25,064969428720605;0,02266552809397260;17;2500
2011;33,00000000000000;IJmuiden;6,206840299224595;0,05393733782191780;18;2601
2012;27,00000000000000;IJmuiden;-2,614066902474605;0,04511643062021860;19;2704
2013;3,00000000000000;IJmuiden;-28,676131931734307;0,01905436559095890;20;2809
2014;50,00000000000000;IJmuiden;-3,414763919953508;0,04431573360273970;21;2916
2015;64,00000000000000;IJmuiden;15,312976076758893;0,06304347359945210;22;3025
2016;57,00000000000000;IJmuiden;-22,794034879523807;0,02493646264316940;23;3136
2017;87,00000000000000;IJmuiden;16,807979659224593;0,06453847718191780;24;3249
2018;19,00000000000000;IJmuiden;-42,480148169268553;0,00525034935342465;25;3364
2019;60,00000000000000;IJmuiden;6,548255543060193;0,05427875306575340;26;3481
2020;66,00000000000000;IJmuiden;6,808355594793092;0,05453885311748630;27;3600
2021;46,00000000000000;IJmuiden;-16,590634815843906;0,03113986270684930;28;3721
2022;69,00000000000000;IJmuiden;-11,925902463756202;0,03580459505893700;29;3844
2023;126,00000000000000;IJmuiden;25,594424158559100;0,07332492168125231;30;3969
2024;134,00000000000000;IJmuiden;18,508782408809502;0,06623927993150271;31;4096
1862;-142,00000000000000;Netherlands;0,000000000000000;NA;0;0
1863;-161,00000000000000;Netherlands;0,000000000000000;NA;0;0
1864;-263,50000000000000;Netherlands;0,000000000000000;NA;0;0
1865;-237,00000000000000;Netherlands;0,000000000000000;NA;0;0
1866;-138,00000000000000;Netherlands;0,000000000000000;NA;0;0
1867;-151,80000000000001;Netherlands;0,000000000000000;NA;0;0
1868;-156,59999999999999;Netherlands;0,000000000000000;NA;0;0
1869;-148,19999999999999;Netherlands;0,000000000000000;NA;0;0
1870;-222,19999999999999;Netherlands;0,000000000000000;NA;0;0
1871;-201,40000000000001;Netherlands;0,000000000000000;NA;0;0
1872;-150,50000000000000;Netherlands;0,000000000000000;NA;0;0
1873;-136,50000000000000;Netherlands;0,000000000000000;NA;0;0
1874;-148,16666666666666;Netherlands;0,000000000000000;NA;0;0
1875;-204,83333333333334;Netherlands;0,000000000000000;NA;0;0
1876;-159,00000000000000;Netherlands;0,000000000000000;NA;0;0
1877;-72,00000000000000;Netherlands;0,000000000000000;NA;0;0
1878;-97,83333333333333;Netherlands;0,000000000000000;NA;0;0
1879;-159,83333333333334;Netherlands;0,000000000000000;NA;0;0
1880;-115,83333333333333;Netherlands;0,000000000000000;NA;0;0
1881;-171,83333333333334;Netherlands;0,000000000000000;NA;0;0
1882;-134,16666666666666;Netherlands;0,000000000000000;NA;0;0
1883;-156,66666666666666;Netherlands;0,000000000000000;NA;0;0
1884;-158,50000000000000;Netherlands;0,000000000000000;NA;0;0
1885;-168,83333333333334;Netherlands;0,000000000000000;NA;0;0
1886;-173,66666666666666;Netherlands;0,000000000000000;NA;0;0
1887;-206,16666666666666;Netherlands;0,000000000000000;NA;0;0
1888;-228,16666666666666;Netherlands;0,000000000000000;NA;0;0
1889;-186,83333333333334;Netherlands;0,000000000000000;NA;0;0
1890;-194,66666666666666;Netherlands;0,000000000000000;NA;0;0
1891;-179,00000000000000;Netherlands;0,000000000000000;NA;0;0
1892;-166,50000000000000;Netherlands;0,000000000000000;NA;0;0
1893;-142,16666666666666;Netherlands;0,000000000000000;NA;0;0
1894;-141,83333333333334;Netherlands;0,000000000000000;NA;0;0
1895;-173,00000000000000;Netherlands;0,000000000000000;NA;0;0
1896;-185,00000000000000;Netherlands;0,000000000000000;NA;0;0
1897;-179,33333333333334;Netherlands;0,000000000000000;NA;0;0
1898;-138,33333333333334;Netherlands;0,000000000000000;NA;0;0
1899;-141,00000000000000;Netherlands;0,000000000000000;NA;0;0
1900;-176,50000000000000;Netherlands;0,000000000000000;NA;0;0
1901;-196,83333333333334;Netherlands;0,000000000000000;NA;0;0
1902;-225,16666666666666;Netherlands;0,000000000000000;NA;0;0
1903;-113,83333333333333;Netherlands;0,000000000000000;NA;0;0
1904;-151,83333333333334;Netherlands;0,000000000000000;NA;0;0
1905;-176,66666666666666;Netherlands;0,000000000000000;NA;0;0
1906;-139,83333333333334;Netherlands;0,000000000000000;NA;0;0
1907;-162,66666666666666;Netherlands;0,000000000000000;NA;0;0
1908;-169,83333333333334;Netherlands;0,000000000000000;NA;0;0
1909;-119,50000000000000;Netherlands;0,000000000000000;NA;0;0
1910;-110,33333333333333;Netherlands;0,000000000000000;NA;0;0
1911;-132,33333333333334;Netherlands;0,000000000000000;NA;0;0
1912;-70,16666666666667;Netherlands;0,000000000000000;NA;0;0
1913;-98,83333333333333;Netherlands;0,000000000000000;NA;0;0
1914;-86,50000000000000;Netherlands;0,000000000000000;NA;0;0
1915;-124,33333333333333;Netherlands;0,000000000000000;NA;0;0
1916;-73,33333333333333;Netherlands;0,000000000000000;NA;0;0
1917;-127,83333333333333;Netherlands;0,000000000000000;NA;0;0
1918;-131,50000000000000;Netherlands;0,000000000000000;NA;0;0
1919;-153,66666666666666;Netherlands;0,000000000000000;NA;0;0
1920;-149,16666666666666;Netherlands;0,000000000000000;NA;0;0
1921;-119,33333333333333;Netherlands;0,000000000000000;NA;0;0
1922;-126,33333333333333;Netherlands;0,000000000000000;NA;0;0
1923;-104,00000000000000;Netherlands;0,000000000000000;NA;0;0
1924;-130,00000000000000;Netherlands;0,000000000000000;NA;0;0
1925;-75,16666666666667;Netherlands;0,000000000000000;NA;0;0
1926;-93,00000000000000;Netherlands;0,000000000000000;NA;0;0
1927;-92,16666666666667;Netherlands;0,000000000000000;NA;0;0
1928;-79,33333333333333;Netherlands;0,000000000000000;NA;0;0
1929;-131,83333333333334;Netherlands;0,000000000000000;NA;0;0
1930;-83,33333333333333;Netherlands;0,000000000000000;NA;0;0
1931;-74,83333333333333;Netherlands;0,000000000000000;NA;0;0
1932;-90,00000000000000;Netherlands;0,000000000000000;NA;0;0
1933;-135,66666666666666;Netherlands;0,000000000000000;NA;0;0
1934;-121,00000000000000;Netherlands;0,000000000000000;NA;0;0
1935;-73,66666666666667;Netherlands;0,000000000000000;NA;0;0
1936;-59,33333333333334;Netherlands;0,000000000000000;NA;0;0
1937;-74,83333333333333;Netherlands;0,000000000000000;NA;0;0
1938;-61,16666666666666;Netherlands;0,000000000000000;NA;0;0
1939;-96,83333333333333;Netherlands;0,000000000000000;NA;0;0
1940;-89,50000000000000;Netherlands;0,000000000000000;NA;0;0
1941;-125,00000000000000;Netherlands;0,000000000000000;NA;0;0
1942;-109,50000000000000;Netherlands;0,000000000000000;NA;0;0
1943;-59,33333333333334;Netherlands;0,000000000000000;NA;0;0
1944;-49,33333333333334;Netherlands;0,000000000000000;NA;0;0
1945;-57,66666666666666;Netherlands;0,000000000000000;NA;0;0
1946;-68,50000000000000;Netherlands;0,000000000000000;NA;0;0
1947;-129,16666666666666;Netherlands;0,000000000000000;NA;0;0
1948;-56,00000000000000;Netherlands;0,000000000000000;NA;0;0
1949;-42,16666666666666;Netherlands;0,000000000000000;NA;0;0
1950;-43,16666666666666;Netherlands;19,096538517933492;NA;0;0
1951;-58,50000000000000;Netherlands;2,697742271406093;NA;0;0
1952;-34,16666666666666;Netherlands;10,851700915825594;NA;0;0
1953;-73,16666666666667;Netherlands;-28,998939643852683;NA;0;0
1954;-45,50000000000000;Netherlands;23,003180397475592;NA;0;0
1955;-36,33333333333334;Netherlands;6,781750958462844;NA;0;0
1956;-93,83333333333333;Netherlands;-14,301836361559673;NA;0;0
1957;-60,83333333333334;Netherlands;-0,956310577206908;NA;0;0
1958;-50,66666666666666;Netherlands;3,075987732317496;NA;0;0
1959;-93,16666666666667;Netherlands;-42,424573466886656;NA;0;0
1960;-54,83333333333334;Netherlands;-7,331264708060822;NA;0;0
1961;12,83333333333333;Netherlands;21,773056039623860;NA;0;1
1962;-39,66666666666666;Netherlands;7,487365084703144;NA;0;4
1963;-97,00000000000000;Netherlands;-29,115944759029880;NA;0;9
1964;-76,50000000000000;Netherlands;-31,809412436730597;NA;0;16
1965;-21,83333333333333;Netherlands;26,040173289499993;NA;0;25
1966;7,66666666666667;Netherlands;16,804521165344809;NA;0;36
1967;35,16666666666666;Netherlands;46,129175555668979;NA;0;49
1968;-29,33333333333333;Netherlands;-9,498933305673873;NA;0;64
1969;-43,00000000000000;Netherlands;-23,450790415740190;NA;0;81
1970;-9,83333333333333;Netherlands;14,561599011541462;NA;0;100
1971;-60,16666666666666;Netherlands;-21,538096785099889;NA;0;121
1972;-88,33333333333333;Netherlands;-45,092129306560345;NA;0;144
1973;-20,50000000000000;Netherlands;17,219827848489761;NA;0;169
1974;-16,66666666666667;Netherlands;35,527643086974457;NA;0;196
1975;-52,00000000000000;Netherlands;-18,951676532605973;NA;0;225
1976;-75,50000000000000;Netherlands;-33,235915472810568;NA;0;256
1977;-24,16666666666667;Netherlands;18,079169672642692;NA;0;289
1978;-31,83333333333333;Netherlands;-0,566397517712256;NA;0;324
1979;-22,33333333333333;Netherlands;-5,139564203012822;NA;0;361
1980;5,00000000000000;Netherlands;-9,636026172784289;NA;0;400
1981;39,00000000000000;Netherlands;24,078915267489428;NA;0;441
1982;15,33333333333333;Netherlands;-2,229847608811922;NA;0;484
1983;52,83333333333334;Netherlands;34,448504709270196;NA;0;529
1984;-9,50000000000000;Netherlands;-12,763969416554788;NA;0;576
1985;-6,50000000000000;Netherlands;-7,945625158811938;NA;0;625
1986;-13,00000000000000;Netherlands;-0,800455181506006;NA;0;676
1987;-20,50000000000000;Netherlands;-30,990885256711476;NA;0;729
1988;55,83333333333334;Netherlands;27,353955596924230;NA;0;784
1989;17,83333333333333;Netherlands;6,782837544430076;NA;0;841
1990;54,33333333333334;Netherlands;53,233162534567029;NA;0;900
1991;-48,00000000000000;Netherlands;-20,734707348017398;NA;0;961
1992;-2,66666666666667;Netherlands;2,141444259957078;NA;0;1024
1993;-5,16666666666667;Netherlands;-10,239747367779955;NA;0;1089
1994;35,33333333333334;Netherlands;23,694906433471196;NA;1;1156
1995;39,83333333333334;Netherlands;4,686227151599044;NA;2;1225
1996;-74,00000000000000;Netherlands;-73,125378576185895;NA;3;1296
1997;-16,66666666666667;Netherlands;-32,855439602921521;NA;4;1369
1998;64,33333333333333;Netherlands;36,706872309498493;NA;5;1444
1999;58,66666666666666;Netherlands;30,509020940457560;NA;6;1521
2000;54,00000000000000;Netherlands;21,460371936778561;NA;7;1600
2001;61,00000000000000;Netherlands;7,975358357110444;NA;8;1681
2002;46,16666666666666;Netherlands;-18,924474393505989;NA;9;1764
2003;32,00000000000000;Netherlands;-31,478757573997324;NA;10;1849
2004;62,83333333333334;Netherlands;13,198597973709346;NA;11;1936
2005;45,00000000000000;Netherlands;-3,959432811250288;NA;12;2025
2006;41,33333333333334;Netherlands;0,834835813836461;NA;13;2116
2007;94,83333333333333;Netherlands;27,159591499863879;NA;14;2209
2008;66,33333333333333;Netherlands;19,612800067311348;NA;15;2304
2009;33,66666666666666;Netherlands;-8,131229541916957;NA;16;2401
2010;25,33333333333333;Netherlands;-24,989341003241154;NA;17;2500
2011;60,16666666666666;Netherlands;10,108732085594459;NA;18;2601
2012;50,66666666666666;Netherlands;-0,234672336809788;NA;19;2704
2013;25,66666666666667;Netherlands;-26,536668836026539;NA;20;2809
2014;66,66666666666667;Netherlands;-2,908012776423808;NA;21;2916
2015;92,50000000000000;Netherlands;20,980381640229179;NA;22;3025
2016;77,00000000000000;Netherlands;-21,264578745052056;NA;23;3136
2017;112,16666666666667;Netherlands;20,504272485891278;NA;24;3249
2018;39,33333333333334;Netherlands;-40,395335230912387;NA;25;3364
2019;109,16666666666667;Netherlands;8,184562636256574;NA;26;3481
2020;114,66666666666667;Netherlands;8,827575140585461;NA;27;3600
2021;93,50000000000000;Netherlands;-14,825696907168105;NA;28;3721
2022;106,33333333333333;Netherlands;-8,020703730046922;NA;29;3844
2023;164,50000000000000;Netherlands;25,664624948678615;NA;30;3969
2024;170,83333333333334;Netherlands;18,125788187559262;NA;31;4096
1862;-142,00000000000000;Netherlands (without Delfzijl);0,000000000000000;NA;0;0
1863;-161,00000000000000;Netherlands (without Delfzijl);0,000000000000000;NA;0;0
1864;-263,50000000000000;Netherlands (without Delfzijl);0,000000000000000;NA;0;0
1865;-253,75000000000000;Netherlands (without Delfzijl);0,000000000000000;NA;0;0
1866;-153,25000000000000;Netherlands (without Delfzijl);0,000000000000000;NA;0;0
1867;-176,25000000000000;Netherlands (without Delfzijl);0,000000000000000;NA;0;0
1868;-173,75000000000000;Netherlands (without Delfzijl);0,000000000000000;NA;0;0
1869;-167,50000000000000;Netherlands (without Delfzijl);0,000000000000000;NA;0;0
1870;-236,50000000000000;Netherlands (without Delfzijl);0,000000000000000;NA;0;0
1871;-213,50000000000000;Netherlands (without Delfzijl);0,000000000000000;NA;0;0
1872;-157,19999999999999;Netherlands (without Delfzijl);0,000000000000000;NA;0;0
1873;-146,59999999999999;Netherlands (without Delfzijl);0,000000000000000;NA;0;0
1874;-163,00000000000000;Netherlands (without Delfzijl);0,000000000000000;NA;0;0
1875;-213,59999999999999;Netherlands (without Delfzijl);0,000000000000000;NA;0;0
1876;-164,80000000000001;Netherlands (without Delfzijl);0,000000000000000;NA;0;0
1877;-89,80000000000000;Netherlands (without Delfzijl);0,000000000000000;NA;0;0
1878;-106,00000000000000;Netherlands (without Delfzijl);0,000000000000000;NA;0;0
1879;-163,40000000000001;Netherlands (without Delfzijl);0,000000000000000;NA;0;0
1880;-122,00000000000000;Netherlands (without Delfzijl);0,000000000000000;NA;0;0
1881;-176,00000000000000;Netherlands (without Delfzijl);0,000000000000000;NA;0;0
1882;-136,59999999999999;Netherlands (without Delfzijl);0,000000000000000;NA;0;0
1883;-154,00000000000000;Netherlands (without Delfzijl);0,000000000000000;NA;0;0
1884;-159,59999999999999;Netherlands (without Delfzijl);0,000000000000000;NA;0;0
1885;-173,19999999999999;Netherlands (without Delfzijl);0,000000000000000;NA;0;0
1886;-175,19999999999999;Netherlands (without Delfzijl);0,000000000000000;NA;0;0
1887;-220,80000000000001;Netherlands (without Delfzijl);0,000000000000000;NA;0;0
1888;-240,80000000000001;Netherlands (without Delfzijl);0,000000000000000;NA;0;0
1889;-198,40000000000001;Netherlands (without Delfzijl);0,000000000000000;NA;0;0
1890;-203,40000000000001;Netherlands (without Delfzijl);0,000000000000000;NA;0;0
1891;-189,40000000000001;Netherlands (without Delfzijl);0,000000000000000;NA;0;0
1892;-174,40000000000001;Netherlands (without Delfzijl);0,000000000000000;NA;0;0
1893;-154,00000000000000;Netherlands (without Delfzijl);0,000000000000000;NA;0;0
1894;-147,00000000000000;Netherlands (without Delfzijl);0,000000000000000;NA;0;0
1895;-182,00000000000000;Netherlands (without Delfzijl);0,000000000000000;NA;0;0
1896;-197,59999999999999;Netherlands (without Delfzijl);0,000000000000000;NA;0;0
1897;-190,80000000000001;Netherlands (without Delfzijl);0,000000000000000;NA;0;0
1898;-153,00000000000000;Netherlands (without Delfzijl);0,000000000000000;NA;0;0
1899;-151,00000000000000;Netherlands (without Delfzijl);0,000000000000000;NA;0;0
1900;-189,40000000000001;Netherlands (without Delfzijl);0,000000000000000;NA;0;0
1901;-210,19999999999999;Netherlands (without Delfzijl);0,000000000000000;NA;0;0
1902;-238,00000000000000;Netherlands (without Delfzijl);0,000000000000000;NA;0;0
1903;-129,40000000000001;Netherlands (without Delfzijl);0,000000000000000;NA;0;0
1904;-155,40000000000001;Netherlands (without Delfzijl);0,000000000000000;NA;0;0
1905;-172,80000000000001;Netherlands (without Delfzijl);0,000000000000000;NA;0;0
1906;-144,80000000000001;Netherlands (without Delfzijl);0,000000000000000;NA;0;0
1907;-169,19999999999999;Netherlands (without Delfzijl);0,000000000000000;NA;0;0
1908;-179,19999999999999;Netherlands (without Delfzijl);0,000000000000000;NA;0;0
1909;-128,19999999999999;Netherlands (without Delfzijl);0,000000000000000;NA;0;0
1910;-119,20000000000000;Netherlands (without Delfzijl);0,000000000000000;NA;0;0
1911;-148,00000000000000;Netherlands (without Delfzijl);0,000000000000000;NA;0;0
1912;-87,00000000000000;Netherlands (without Delfzijl);0,000000000000000;NA;0;0
1913;-109,59999999999999;Netherlands (without Delfzijl);0,000000000000000;NA;0;0
1914;-95,80000000000000;Netherlands (without Delfzijl);0,000000000000000;NA;0;0
1915;-133,19999999999999;Netherlands (without Delfzijl);0,000000000000000;NA;0;0
1916;-86,20000000000000;Netherlands (without Delfzijl);0,000000000000000;NA;0;0
1917;-138,80000000000001;Netherlands (without Delfzijl);0,000000000000000;NA;0;0
1918;-140,40000000000001;Netherlands (without Delfzijl);0,000000000000000;NA;0;0
1919;-162,00000000000000;Netherlands (without Delfzijl);0,000000000000000;NA;0;0
1920;-162,00000000000000;Netherlands (without Delfzijl);0,000000000000000;NA;0;0
1921;-139,80000000000001;Netherlands (without Delfzijl);0,000000000000000;NA;0;0
1922;-136,40000000000001;Netherlands (without Delfzijl);0,000000000000000;NA;0;0
1923;-114,40000000000001;Netherlands (without Delfzijl);0,000000000000000;NA;0;0
1924;-138,59999999999999;Netherlands (without Delfzijl);0,000000000000000;NA;0;0
1925;-89,20000000000000;Netherlands (without Delfzijl);0,000000000000000;NA;0;0
1926;-108,20000000000000;Netherlands (without Delfzijl);0,000000000000000;NA;0;0
1927;-102,00000000000000;Netherlands (without Delfzijl);0,000000000000000;NA;0;0
1928;-89,20000000000000;Netherlands (without Delfzijl);0,000000000000000;NA;0;0
1929;-144,40000000000001;Netherlands (without Delfzijl);0,000000000000000;NA;0;0
1930;-90,59999999999999;Netherlands (without Delfzijl);0,000000000000000;NA;0;0
1931;-86,40000000000001;Netherlands (without Delfzijl);0,000000000000000;NA;0;0
1932;-101,20000000000000;Netherlands (without Delfzijl);0,000000000000000;NA;0;0
1933;-147,00000000000000;Netherlands (without Delfzijl);0,000000000000000;NA;0;0
1934;-133,80000000000001;Netherlands (without Delfzijl);0,000000000000000;NA;0;0
1935;-85,59999999999999;Netherlands (without Delfzijl);0,000000000000000;NA;0;0
1936;-68,20000000000000;Netherlands (without Delfzijl);0,000000000000000;NA;0;0
1937;-79,40000000000001;Netherlands (without Delfzijl);0,000000000000000;NA;0;0
1938;-72,40000000000001;Netherlands (without Delfzijl);0,000000000000000;NA;0;0
1939;-102,59999999999999;Netherlands (without Delfzijl);0,000000000000000;NA;0;0
1940;-98,00000000000000;Netherlands (without Delfzijl);0,000000000000000;NA;0;0
1941;-130,19999999999999;Netherlands (without Delfzijl);0,000000000000000;NA;0;0
1942;-115,80000000000000;Netherlands (without Delfzijl);0,000000000000000;NA;0;0
1943;-69,20000000000000;Netherlands (without Delfzijl);0,000000000000000;NA;0;0
1944;-63,40000000000000;Netherlands (without Delfzijl);0,000000000000000;NA;0;0
1945;-73,59999999999999;Netherlands (without Delfzijl);0,000000000000000;NA;0;0
1946;-81,20000000000000;Netherlands (without Delfzijl);0,000000000000000;NA;0;0
1947;-133,80000000000001;Netherlands (without Delfzijl);0,000000000000000;NA;0;0
1948;-65,20000000000000;Netherlands (without Delfzijl);0,000000000000000;NA;0;0
1949;-53,20000000000000;Netherlands (without Delfzijl);0,000000000000000;NA;0;0
1950;-47,60000000000000;Netherlands (without Delfzijl);17,373239122657512;NA;0;0
1951;-60,80000000000000;Netherlands (without Delfzijl);1,745172021752113;NA;0;0
1952;-41,40000000000000;Netherlands (without Delfzijl);8,938040818600435;NA;0;0
1953;-82,40000000000001;Netherlands (without Delfzijl);-32,152080305369338;NA;0;0
1954;-50,80000000000000;Netherlands (without Delfzijl);20,772566465209053;NA;0;0
1955;-44,40000000000000;Netherlands (without Delfzijl);3,831145223964755;NA;0;0
1956;-104,59999999999999;Netherlands (without Delfzijl);-17,196330911170804;NA;0;0
1957;-69,00000000000000;Netherlands (without Delfzijl);-3,480378041483007;NA;0;0
1958;-54,80000000000000;Netherlands (without Delfzijl);2,514496566122816;NA;0;0
1959;-99,20000000000000;Netherlands (without Delfzijl);-44,045824296293027;NA;0;0
1960;-62,80000000000000;Netherlands (without Delfzijl);-5,778204392892507;NA;0;0
1961;-1,80000000000000;Netherlands (without Delfzijl);19,620628172934655;NA;0;1
1962;-50,80000000000000;Netherlands (without Delfzijl);3,781203926063154;NA;0;4
1963;-110,59999999999999;Netherlands (without Delfzijl);-30,445092787202817;NA;0;9
1964;-89,00000000000000;Netherlands (without Delfzijl);-34,716574524967051;NA;0;16
1965;-26,20000000000000;Netherlands (without Delfzijl);24,807803420293574;NA;0;25
1966;3,20000000000000;Netherlands (without Delfzijl);17,038215394419932;NA;0;36
1967;21,60000000000000;Netherlands (without Delfzijl);42,237873427947214;NA;0;49
1968;-42,60000000000000;Netherlands (without Delfzijl);-10,305153760922984;NA;0;64
1969;-54,00000000000000;Netherlands (without Delfzijl);-23,198886472150285;NA;0;81
1970;-24,20000000000000;Netherlands (without Delfzijl);13,161652827355796;NA;0;100
1971;-77,40000000000001;Netherlands (without Delfzijl);-24,435888627090087;NA;0;121
1972;-94,59999999999999;Netherlands (without Delfzijl);-45,766818350584401;NA;0;144
1973;-31,60000000000000;Netherlands (without Delfzijl);12,419479262971471;NA;0;169
1974;-27,00000000000000;Netherlands (without Delfzijl);34,723167441218635;NA;0;196
1975;-63,80000000000000;Netherlands (without Delfzijl);-21,732533510601105;NA;0;225
1976;-86,20000000000000;Netherlands (without Delfzijl);-35,610048992817383;NA;0;256
1977;-32,00000000000000;Netherlands (without Delfzijl);16,836601666220496;NA;0;289
1978;-41,20000000000000;Netherlands (without Delfzijl);-1,913353995999486;NA;0;324
1979;-27,00000000000000;Netherlands (without Delfzijl);-4,961736528117845;NA;0;361
1980;-3,00000000000000;Netherlands (without Delfzijl);-11,466049507720546;NA;0;400
1981;25,40000000000000;Netherlands (without Delfzijl);20,904170400320474;NA;0;441
1982;2,60000000000000;Netherlands (without Delfzijl);-5,043061223515126;NA;0;484
1983;37,80000000000000;Netherlands (without Delfzijl);29,795777941964282;NA;0;529
1984;-17,60000000000000;Netherlands (without Delfzijl);-14,523514630846226;NA;0;576
1985;-17,20000000000000;Netherlands (without Delfzijl);-10,907623351021986;NA;0;625
1986;-19,40000000000000;Netherlands (without Delfzijl);-3,648889612446646;NA;0;676
1987;-29,20000000000000;Netherlands (without Delfzijl);-32,602077655569929;NA;0;729
1988;44,80000000000000;Netherlands (without Delfzijl);24,761108373853180;NA;0;784
1989;6,40000000000000;Netherlands (without Delfzijl);2,748439685525973;NA;0;841
1990;40,40000000000000;Netherlands (without Delfzijl);48,029442674786281;NA;0;900
1991;-59,40000000000000;Netherlands (without Delfzijl);-25,076138598561695;NA;0;961
1992;-14,60000000000000;Netherlands (without Delfzijl);-0,892185053021066;NA;0;1024
1993;-17,00000000000000;Netherlands (without Delfzijl);-13,046889750057584;NA;0;1089
1994;23,80000000000000;Netherlands (without Delfzijl);21,135065553471197;NA;1;1156
1995;26,60000000000000;Netherlands (without Delfzijl);1,520565817799952;NA;2;1225
1996;-81,40000000000001;Netherlands (without Delfzijl);-73,766483889070230;NA;3;1296
1997;-27,80000000000000;Netherlands (without Delfzijl);-36,255159471569925;NA;4;1369
1998;51,00000000000000;Netherlands (without Delfzijl);34,522218523608075;NA;5;1444
1999;45,80000000000000;Netherlands (without Delfzijl);28,064059254731553;NA;6;1521
2000;41,40000000000000;Netherlands (without Delfzijl);19,405156886596416;NA;7;1600
2001;48,00000000000000;Netherlands (without Delfzijl);6,673800334260214;NA;8;1681
2002;34,20000000000000;Netherlands (without Delfzijl);-20,238130471449367;NA;9;1764
2003;21,20000000000000;Netherlands (without Delfzijl);-34,827303682888285;NA;10;1849
2004;52,20000000000000;Netherlands (without Delfzijl);10,380389244028112;NA;11;1936
2005;37,80000000000000;Netherlands (without Delfzijl);-6,720263856906906;NA;12;2025
2006;33,60000000000000;Netherlands (without Delfzijl);-1,886384459679525;NA;13;2116
2007;82,80000000000000;Netherlands (without Delfzijl);23,023152987115015;NA;14;2209
2008;56,20000000000000;Netherlands (without Delfzijl);16,526885294055415;NA;15;2304
2009;24,20000000000000;Netherlands (without Delfzijl);-9,598475218090467;NA;16;2401
2010;17,00000000000000;Netherlands (without Delfzijl);-25,462151115241166;NA;17;2500
2011;47,80000000000000;Netherlands (without Delfzijl);6,370579731635552;NA;18;2601
2012;39,60000000000000;Netherlands (without Delfzijl);-2,942378510124905;NA;19;2704
2013;14,40000000000000;Netherlands (without Delfzijl);-28,459403797871285;NA;20;2809
2014;54,80000000000000;Netherlands (without Delfzijl);-4,248271826676768;NA;21;2916
2015;75,20000000000000;Netherlands (without Delfzijl);15,614573187334196;NA;22;3025
2016;63,60000000000000;Netherlands (without Delfzijl);-22,991115086900866;NA;23;3136
2017;94,20000000000000;Netherlands (without Delfzijl);16,377788007060232;NA;24;3249
2018;26,20000000000000;Netherlands (without Delfzijl);-42,264558169268547;NA;25;3364
2019;92,00000000000000;Netherlands (without Delfzijl);5,653975374347892;NA;26;3481
2020;96,59999999999999;Netherlands (without Delfzijl);5,961182908213876;NA;27;3600
2021;75,80000000000000;Netherlands (without Delfzijl);-17,097765299131584;NA;28;3721
2022;94,59999999999999;Netherlands (without Delfzijl);-11,874600608596083;NA;29;3844
2023;152,80000000000001;Netherlands (without Delfzijl);23,634675255856475;NA;30;3969
2024;161,40000000000001;Netherlands (without Delfzijl);16,848773462742294;NA;31;4096
