year,height,station,surge_anomaly,from1993,from1960_square
1890,-252,Vlissingen,0,-0,0
1891,-280,Vlissingen,0,-0,0
1892,-279,Vlissingen,0,-0,0
1893,-253,Vlissingen,0,-0,0
1894,-204,Vlissingen,0,-0,0
1895,-220,Vlissingen,0,-0,0
1896,-240,Vlissingen,0,-0,0
1897,-261,Vlissingen,0,-0,0
1898,-229,Vlissingen,0,-0,0
1899,-221,Vlissingen,0,-0,0
1900,-275,Vlissingen,0,-0,0
1901,-308,Vlissingen,0,-0,0
1902,-323,Vlissingen,0,-0,0
1903,-178,Vlissingen,0,-0,0
1904,-191,Vlissingen,0,-0,0
1905,-220,Vlissingen,0,-0,0
1906,-212,Vlissingen,0,-0,0
1907,-202,Vlissingen,0,-0,0
1908,-204,Vlissingen,0,-0,0
1909,-178,Vlissingen,0,-0,0
1910,-171,Vlissingen,0,-0,0
1911,-209,Vlissingen,0,-0,0
1912,-154,Vlissingen,0,-0,0
1913,-160,Vlissingen,0,-0,0
1914,-184,Vlissingen,0,-0,0
1915,-213,Vlissingen,0,-0,0
1916,-168,Vlissingen,0,-0,0
1917,-182,Vlissingen,0,-0,0
1918,-221,Vlissingen,0,-0,0
1919,-248,Vlissingen,0,-0,0
1920,-271,Vlissingen,0,-0,0
1921,-203,Vlissingen,0,-0,0
1922,-192,Vlissingen,0,-0,0
1923,-171,Vlissingen,0,-0,0
1924,-189,Vlissingen,0,-0,0
1925,-152,Vlissingen,0,-0,0
1926,-167,Vlissingen,0,-0,0
1927,-155,Vlissingen,0,-0,0
1928,-152,Vlissingen,0,-0,0
1929,-203,Vlissingen,0,-0,0
1930,-133,Vlissingen,0,-0,0
1931,-133,Vlissingen,0,-0,0
1932,-152,Vlissingen,0,-0,0
1933,-166,Vlissingen,0,-0,0
1934,-162,Vlissingen,0,-0,0
1935,-134,Vlissingen,0,-0,0
1936,-111,Vlissingen,0,-0,0
1937,-111,Vlissingen,0,-0,0
1938,-136,Vlissingen,0,-0,0
1939,-134,Vlissingen,0,-0,0
1940,-135,Vlissingen,0,-0,0
1941,-161,Vlissingen,0,-0,0
1942,-149,Vlissingen,0,-0,0
1943,-116,Vlissingen,0,-0,0
1944,-128,Vlissingen,0,-0,0
1945,-110,Vlissingen,0,-0,0
1946,-104,Vlissingen,0,-0,0
1947,-136,Vlissingen,0,-0,0
1948,-119,Vlissingen,0,-0,0
1949,-106,Vlissingen,0,-0,0
1950,-84,Vlissingen,-3.8326470654132407,-0,0
1951,-82,Vlissingen,-15.001030372249645,-0,0
1952,-54,Vlissingen,-2.5633486172680406,-0,0
1953,-104,Vlissingen,-47.23781884379479,-0,0
1954,-85,Vlissingen,-1.6316043740017392,-0,0
1955,-86,Vlissingen,-4.8012597672111355,-0,0
1956,-148,Vlissingen,-27.25045674935044,-0,0
1957,-112,Vlissingen,-18.26509849290644,-0,0
1958,-85,Vlissingen,-6.003721470202642,-0,0
1959,-98,Vlissingen,-50.04766937990619,-0,0
1960,-83,Vlissingen,-11.618530873601841,-0,0
1961,-41,Vlissingen,1.167877259500365,-0,1
1962,-70,Vlissingen,-14.74168273461914,-0,4
1963,-143,Vlissingen,-38.54955353028879,-0,9
1964,-115,Vlissingen,-44.66271478155086,-0,16
1965,-75,Vlissingen,9.691243200194862,-0,25
1966,-42,Vlissingen,5.204071756377765,-0,36
1967,-47,Vlissingen,10.940650522583262,-0,49
1968,-78,Vlissingen,-16.84302703540114,-0,64
1969,-73,Vlissingen,-23.71681686370654,-0,81
1970,-58,Vlissingen,0.7020670564239637,-0,100
1971,-115,Vlissingen,-33.46024822987014,-0,121
1972,-131,Vlissingen,-50.260689308974506,-0,144
1973,-79,Vlissingen,-6.125232017329239,-0,169
1974,-62,Vlissingen,17.66788293600076,-0,196
1975,-99,Vlissingen,-32.97486895422114,-0,225
1976,-115,Vlissingen,-40.63117414066753,-0,256
1977,-78,Vlissingen,1.4563317094144637,-0,289
1978,-95,Vlissingen,-12.046237770950839,-0,324
1979,-69,Vlissingen,-16.86187346784464,-0,361
1980,-53,Vlissingen,-21.54481265492454,-0,400
1981,-18,Vlissingen,4.94317553078546,-0,441
1982,-49,Vlissingen,-27.12806123085834,-0,484
1983,-22,Vlissingen,4.149636182840261,-0,529
1984,-61,Vlissingen,-25.70105629268414,-0,576
1985,-54,Vlissingen,-25.88327391606384,-0,625
1986,-71,Vlissingen,-21.496304895241938,-0,676
1987,-72,Vlissingen,-40.41338551305015,-0,729
1988,-10,Vlissingen,3.409414878682064,-0,784
1989,-43,Vlissingen,-16.97589933496794,-0,841
1990,-27,Vlissingen,14.575468960648465,-0,900
1991,-102,Vlissingen,-40.61807754263919,-0,961
1992,-63,Vlissingen,-20.456438721864437,-0,1024
1993,-57,Vlissingen,-24.98251809863914,0,1089
1994,-26,Vlissingen,-0.10197949387203664,1,1156
1995,-16,Vlissingen,-11.510095787022742,2,1225
1996,-101,Vlissingen,-67.19527772803924,3,1296
1997,-67,Vlissingen,-48.68617759715973,4,1369
1998,1,Vlissingen,9.797263054073163,5,1444
1999,-4,Vlissingen,5.4184528258539615,6,1521
2000,-10,Vlissingen,-4.622225400826139,7,1600
2001,9,Vlissingen,-5.369342476337842,8,1681
2002,-8,Vlissingen,-31.35885051578984,9,1764
2003,-18,Vlissingen,-44.96440816647481,10,1849
2004,14,Vlissingen,-10.357073286072037,11,1936
2005,27,Vlissingen,-19.93833127863924,12,2025
2006,1,Vlissingen,-20.514014817159737,13,2116
2007,46,Vlissingen,4.917678156538855,14,2209
2008,19,Vlissingen,-6.674153608476438,15,2304
2009,1,Vlissingen,-22.14353500126934,16,2401
2010,3,Vlissingen,-23.94748977140634,17,2500
2011,7,Vlissingen,-17.20052642263924,18,2601
2012,0,Vlissingen,-20.32781151421414,19,2704
2013,-14,Vlissingen,-35.73041214592684,20,2809
2014,24,Vlissingen,-20.64708634948854,21,2916
2015,27,Vlissingen,-14.591572652776136,22,3025
2016,30,Vlissingen,-35.50924983798464,23,3136
2017,46,Vlissingen,-6.024596233598039,24,3249
2018,1,Vlissingen,-48.26907770483096,25,3364
2019,51,Vlissingen,-13.080564681817236,26,3481
2020,58,Vlissingen,-18.05276740902294,27,3600
2021,46,Vlissingen,-30.37467191852964,28,3721
2022,60,Vlissingen,-29.969511338112238,29,3844
1890,-218,Hoek van Holland,0,-0,0
1891,-213,Hoek van Holland,0,-0,0
1892,-182,Hoek van Holland,0,-0,0
1893,-190,Hoek van Holland,0,-0,0
1894,-201,Hoek van Holland,0,-0,0
1895,-200,Hoek van Holland,0,-0,0
1896,-234,Hoek van Holland,0,-0,0
1897,-226,Hoek van Holland,0,-0,0
1898,-185,Hoek van Holland,0,-0,0
1899,-157,Hoek van Holland,0,-0,0
1900,-190,Hoek van Holland,0,-0,0
1901,-195,Hoek van Holland,0,-0,0
1902,-196,Hoek van Holland,0,-0,0
1903,-106,Hoek van Holland,0,-0,0
1904,-149,Hoek van Holland,0,-0,0
1905,-166,Hoek van Holland,0,-0,0
1906,-145,Hoek van Holland,0,-0,0
1907,-171,Hoek van Holland,0,-0,0
1908,-174,Hoek van Holland,0,-0,0
1909,-118,Hoek van Holland,0,-0,0
1910,-123,Hoek van Holland,0,-0,0
1911,-145,Hoek van Holland,0,-0,0
1912,-84,Hoek van Holland,0,-0,0
1913,-105,Hoek van Holland,0,-0,0
1914,-87,Hoek van Holland,0,-0,0
1915,-116,Hoek van Holland,0,-0,0
1916,-74,Hoek van Holland,0,-0,0
1917,-163,Hoek van Holland,0,-0,0
1918,-152,Hoek van Holland,0,-0,0
1919,-155,Hoek van Holland,0,-0,0
1920,-127,Hoek van Holland,0,-0,0
1921,-131,Hoek van Holland,0,-0,0
1922,-95,Hoek van Holland,0,-0,0
1923,-95,Hoek van Holland,0,-0,0
1924,-132,Hoek van Holland,0,-0,0
1925,-67,Hoek van Holland,0,-0,0
1926,-95,Hoek van Holland,0,-0,0
1927,-93,Hoek van Holland,0,-0,0
1928,-85,Hoek van Holland,0,-0,0
1929,-140,Hoek van Holland,0,-0,0
1930,-67,Hoek van Holland,0,-0,0
1931,-73,Hoek van Holland,0,-0,0
1932,-90,Hoek van Holland,0,-0,0
1933,-146,Hoek van Holland,0,-0,0
1934,-138,Hoek van Holland,0,-0,0
1935,-78,Hoek van Holland,0,-0,0
1936,-49,Hoek van Holland,0,-0,0
1937,-55,Hoek van Holland,0,-0,0
1938,-81,Hoek van Holland,0,-0,0
1939,-73,Hoek van Holland,0,-0,0
1940,-69,Hoek van Holland,0,-0,0
1941,-105,Hoek van Holland,0,-0,0
1942,-105,Hoek van Holland,0,-0,0
1943,-59,Hoek van Holland,0,-0,0
1944,-44,Hoek van Holland,0,-0,0
1945,-57,Hoek van Holland,0,-0,0
1946,-52,Hoek van Holland,0,-0,0
1947,-101,Hoek van Holland,0,-0,0
1948,-42,Hoek van Holland,0,-0,0
1949,-54,Hoek van Holland,0,-0,0
1950,-45,Hoek van Holland,6.161575042886959,-0,0
1951,-56,Hoek van Holland,-7.5298039383707405,-0,0
1952,-45,Hoek van Holland,2.6255977786204596,-0,0
1953,-74,Hoek van Holland,-40.50253914446976,-0,0
1954,-25,Hoek van Holland,9.071235853644758,-0,0
1955,-21,Hoek van Holland,-0.2221121000591424,-0,0
1956,-83,Hoek van Holland,-22.81552397477124,-0,0
1957,-38,Hoek van Holland,-11.16765965778854,-0,0
1958,-38,Hoek van Holland,-1.68384498962304,-0,0
1959,-131,Hoek van Holland,-47.77507367359969,-0,0
1960,-80,Hoek van Holland,-7.842179339756434,-0,0
1961,4,Hoek van Holland,10.187306590558862,-0,1
1962,-55,Hoek van Holland,-5.706651225788143,-0,4
1963,-120,Hoek van Holland,-34.93278807878604,-0,9
1964,-107,Hoek van Holland,-40.18704390470425,-0,16
1965,-3,Hoek van Holland,17.35737320946796,-0,25
1966,27,Hoek van Holland,11.836289454891357,-0,36
1967,31,Hoek van Holland,26.670685740853052,-0,49
1968,-21,Hoek van Holland,-13.540797806742638,-0,64
1969,-37,Hoek van Holland,-22.97360714506934,-0,81
1970,-18,Hoek van Holland,7.138575763966664,-0,100
1971,-53,Hoek van Holland,-29.23763412862104,-0,121
1972,-80,Hoek van Holland,-48.69299512347946,-0,144
1973,4,Hoek van Holland,3.5444449772949582,-0,169
1974,8,Hoek van Holland,26.06725862038146,-0,196
1975,-18,Hoek van Holland,-27.52651255968004,-0,225
1976,-44,Hoek van Holland,-38.21748609956473,-0,256
1977,-3,Hoek van Holland,9.23260295347896,-0,289
1978,-13,Hoek van Holland,-6.61233974219914,-0,324
1979,14,Hoek van Holland,-11.01823168757064,-0,361
1980,24,Hoek van Holland,-16.58239602268414,-0,400
1981,72,Hoek van Holland,12.936512430785456,-0,441
1982,53,Hoek van Holland,-16.836160617159738,-0,484
1983,72,Hoek van Holland,16.28951271982656,-0,529
1984,25,Hoek van Holland,-20.889795645088437,-0,576
1985,20,Hoek van Holland,-19.55026646263924,-0,625
1986,28,Hoek van Holland,-13.551650247296742,-0,676
1987,28,Hoek van Holland,-36.89060386044744,-0,729
1988,87,Hoek van Holland,13.389010564692967,-0,784
1989,53,Hoek van Holland,-8.084762304830946,-0,841
1990,73,Hoek van Holland,29.836580781470367,-0,900
1991,-14,Hoek van Holland,-34.43359644455704,-0,961
1992,25,Hoek van Holland,-10.99144193907754,-0,1024
1993,31,Hoek van Holland,-19.82535551852964,0,1089
1994,64,Hoek van Holland,10.04212728421016,1,1156
1995,74,Hoek van Holland,-5.470642763187136,2,1225
1996,-22,Hoek van Holland,-71.29280324754744,3,1296
1997,24,Hoek van Holland,-43.51364276510494,4,1369
1998,90,Hoek van Holland,22.25376296503206,5,1444
1999,91,Hoek van Holland,16.680349023114253,6,1521
2000,83,Hoek van Holland,6.956027869665661,7,1600
2001,101,Hoek van Holland,1.22447604174436,8,1681
2002,86,Hoek van Holland,-26.821837311132338,9,1764
2003,64,Hoek van Holland,-40.801400900721376,10,1849
2004,87,Hoek van Holland,-0.268892899186838,11,1936
2005,75,Hoek van Holland,-13.438715224009037,12,2025
2006,72,Hoek van Holland,-11.865272036337842,13,2116
2007,121,Hoek van Holland,13.274354632155365,14,2209
2008,92,Hoek van Holland,4.308287711195661,15,2304
2009,71,Hoek van Holland,-16.246431684009043,16,2401
2010,80,Hoek van Holland,-24.39803918154334,17,2500
2011,86,Hoek van Holland,-6.455035745926843,18,2601
2012,86,Hoek van Holland,-12.363602239624036,19,2704
2013,70,Hoek van Holland,-32.80347010839264,20,2809
2014,101,Hoek van Holland,-13.07453791578984,21,2916
2015,109,Hoek van Holland,-1.1627034308583362,22,3025
2016,111,Hoek van Holland,-29.998838963667737,23,3136
2017,133,Hoek van Holland,4.818370298456664,24,3249
2018,75,Hoek van Holland,-45.86469803359809,25,3364
2019,138,Hoek van Holland,-4.17666731222824,26,3481
2020,136,Hoek van Holland,-7.120403627602137,27,3600
2021,128,Hoek van Holland,-23.943438556885738,28,3721
2022,135,Hoek van Holland,-21.77448315515104,29,3844
1890,-191,Den Helder,0,-0,0
1891,-157,Den Helder,0,-0,0
1892,-156,Den Helder,0,-0,0
1893,-136,Den Helder,0,-0,0
1894,-138,Den Helder,0,-0,0
1895,-162,Den Helder,0,-0,0
1896,-183,Den Helder,0,-0,0
1897,-173,Den Helder,0,-0,0
1898,-131,Den Helder,0,-0,0
1899,-132,Den Helder,0,-0,0
1900,-175,Den Helder,0,-0,0
1901,-223,Den Helder,0,-0,0
1902,-260,Den Helder,0,-0,0
1903,-165,Den Helder,0,-0,0
1904,-133,Den Helder,0,-0,0
1905,-171,Den Helder,0,-0,0
1906,-129,Den Helder,0,-0,0
1907,-157,Den Helder,0,-0,0
1908,-176,Den Helder,0,-0,0
1909,-129,Den Helder,0,-0,0
1910,-112,Den Helder,0,-0,0
1911,-142,Den Helder,0,-0,0
1912,-90,Den Helder,0,-0,0
1913,-132,Den Helder,0,-0,0
1914,-96,Den Helder,0,-0,0
1915,-127,Den Helder,0,-0,0
1916,-98,Den Helder,0,-0,0
1917,-152,Den Helder,0,-0,0
1918,-135,Den Helder,0,-0,0
1919,-137,Den Helder,0,-0,0
1920,-147,Den Helder,0,-0,0
1921,-135,Den Helder,0,-0,0
1922,-148,Den Helder,0,-0,0
1923,-125,Den Helder,0,-0,0
1924,-144,Den Helder,0,-0,0
1925,-102,Den Helder,0,-0,0
1926,-133,Den Helder,0,-0,0
1927,-133,Den Helder,0,-0,0
1928,-118,Den Helder,0,-0,0
1929,-152,Den Helder,0,-0,0
1930,-101,Den Helder,0,-0,0
1931,-96,Den Helder,0,-0,0
1932,-109,Den Helder,0,-0,0
1933,-166,Den Helder,0,-0,0
1934,-160,Den Helder,0,-0,0
1935,-105,Den Helder,0,-0,0
1936,-93,Den Helder,0,-0,0
1937,-108,Den Helder,0,-0,0
1938,-23,Den Helder,0,-0,0
1939,-137,Den Helder,0,-0,0
1940,-118,Den Helder,0,-0,0
1941,-157,Den Helder,0,-0,0
1942,-143,Den Helder,0,-0,0
1943,-92,Den Helder,0,-0,0
1944,-88,Den Helder,0,-0,0
1945,-82,Den Helder,0,-0,0
1946,-97,Den Helder,0,-0,0
1947,-183,Den Helder,0,-0,0
1948,-100,Den Helder,0,-0,0
1949,-63,Den Helder,0,-0,0
1950,-70,Den Helder,22.862941637713767,-0,0
1951,-94,Den Helder,6.538765372200061,-0,0
1952,-78,Den Helder,10.65883711981386,-0,0
1953,-107,Den Helder,-28.50904288830374,-0,0
1954,-65,Den Helder,25.81228791817906,-0,0
1955,-58,Den Helder,4.550377650698664,-0,0
1956,-136,Den Helder,-16.43052131865414,-0,0
1957,-115,Den Helder,-0.3235638659071398,-0,0
1958,-78,Den Helder,3.1588083451301614,-0,0
1959,-117,Den Helder,-43.47989102195092,-0,0
1960,-85,Den Helder,-5.843125504121737,-0,0
1961,-33,Den Helder,24.103289606510863,-0,1
1962,-86,Den Helder,7.559193781668263,-0,4
1963,-131,Den Helder,-29.427881580325842,-0,9
1964,-89,Den Helder,-33.33917796409824,-0,16
1965,-29,Den Helder,27.357316138275756,-0,25
1966,-3,Den Helder,18.690115775940463,-0,36
1967,19,Den Helder,50.770579677714956,-0,49
1968,-60,Den Helder,-10.365656104687737,-0,64
1969,-90,Den Helder,-25.57092582916464,-0,81
1970,-65,Den Helder,14.188412085662257,-0,100
1971,-120,Den Helder,-23.20812427101794,-0,121
1972,-132,Den Helder,-46.04141320108612,-0,144
1973,-80,Den Helder,15.761226996041458,-0,169
1974,-82,Den Helder,37.66120612001466,-0,196
1975,-108,Den Helder,-19.45297389796244,-0,225
1976,-121,Den Helder,-35.81055992279444,-0,256
1977,-42,Den Helder,19.655152204792863,-0,289
1978,-63,Den Helder,-0.72773181241174,-0,324
1979,-57,Den Helder,-1.987487924009038,-0,361
1980,-43,Den Helder,-11.107460802465539,-0,400
1981,-5,Den Helder,23.497689360922458,-0,441
1982,-29,Den Helder,1.0218351170868587,-0,484
1983,13,Den Helder,36.109677919826574,-0,529
1984,-40,Den Helder,-13.51250881503384,-0,576
1985,-38,Den Helder,-7.64445174318714,-0,625
1986,-38,Den Helder,0.07332380010056028,-0,676
1987,-57,Den Helder,-31.65090272126934,-0,729
1988,30,Den Helder,29.380917145621872,-0,784
1989,-18,Den Helder,8.283696802018362,-0,841
1990,28,Den Helder,57.37639959105946,-0,900
1991,-77,Den Helder,-21.92530126280354,-0,961
1992,-29,Den Helder,3.479432951632859,-0,1024
1993,-41,Den Helder,-11.874320104830936,0,1089
1994,5,Den Helder,25.80375893818276,1,1156
1995,0,Den Helder,3.372742966401958,2,1225
1996,-110,Den Helder,-78.14207432787533,3,1296
1997,-62,Den Helder,-33.40075913222824,4,1369
1998,18,Den Helder,40.29046926777176,5,1444
1999,13,Den Helder,33.72446001845676,6,1521
2000,11,Den Helder,26.146020063654653,7,1600
2001,10,Den Helder,8.232442626127963,8,1681
2002,-2,Den Helder,-18.600812745324138,9,1764
2003,-12,Den Helder,-32.79653012017344,10,1849
2004,20,Den Helder,15.240163571851454,11,1936
2005,-7,Den Helder,-4.369472632228238,12,2025
2006,-5,Den Helder,2.93584178557996,13,2116
2007,42,Den Helder,26.178329174621062,14,2209
2008,17,Den Helder,23.12569297799896,15,2304
2009,-17,Den Helder,-6.938106167844644,16,2401
2010,-30,Den Helder,-28.04008699907754,17,2500
2011,17,Den Helder,12.760323731196458,18,2601
2012,2,Den Helder,1.1795634065508622,19,2704
2013,-27,Den Helder,-27.42486161058434,20,2809
2014,6,Den Helder,0.4534601190046601,21,2916
2015,36,Den Helder,24.136338467771758,22,3025
2016,17,Den Helder,-20.30718480738354,23,3136
2017,56,Den Helder,22.18000492037455,24,3249
2018,-11,Den Helder,-41.30904303633782,25,3364
2019,71,Den Helder,10.704675496264962,26,3481
2020,70,Den Helder,12.555155095239364,27,3600
2021,42,Den Helder,-14.157857844557043,28,3721
2022,67,Den Helder,-6.773684802858739,29,3844
1890,-151,Delfzijl,0,-0,0
1891,-127,Delfzijl,0,-0,0
1892,-127,Delfzijl,0,-0,0
1893,-83,Delfzijl,0,-0,0
1894,-116,Delfzijl,0,-0,0
1895,-128,Delfzijl,0,-0,0
1896,-122,Delfzijl,0,-0,0
1897,-122,Delfzijl,0,-0,0
1898,-65,Delfzijl,0,-0,0
1899,-91,Delfzijl,0,-0,0
1900,-112,Delfzijl,0,-0,0
1901,-130,Delfzijl,0,-0,0
1902,-161,Delfzijl,0,-0,0
1903,-36,Delfzijl,0,-0,0
1904,-134,Delfzijl,0,-0,0
1905,-196,Delfzijl,0,-0,0
1906,-115,Delfzijl,0,-0,0
1907,-130,Delfzijl,0,-0,0
1908,-123,Delfzijl,0,-0,0
1909,-76,Delfzijl,0,-0,0
1910,-66,Delfzijl,0,-0,0
1911,-54,Delfzijl,0,-0,0
1912,14,Delfzijl,0,-0,0
1913,-45,Delfzijl,0,-0,0
1914,-40,Delfzijl,0,-0,0
1915,-80,Delfzijl,0,-0,0
1916,-9,Delfzijl,0,-0,0
1917,-73,Delfzijl,0,-0,0
1918,-87,Delfzijl,0,-0,0
1919,-112,Delfzijl,0,-0,0
1920,-85,Delfzijl,0,-0,0
1921,-17,Delfzijl,0,-0,0
1922,-76,Delfzijl,0,-0,0
1923,-52,Delfzijl,0,-0,0
1924,-87,Delfzijl,0,-0,0
1925,-5,Delfzijl,0,-0,0
1926,-17,Delfzijl,0,-0,0
1927,-43,Delfzijl,0,-0,0
1928,-30,Delfzijl,0,-0,0
1929,-69,Delfzijl,0,-0,0
1930,-47,Delfzijl,0,-0,0
1931,-17,Delfzijl,0,-0,0
1932,-34,Delfzijl,0,-0,0
1933,-79,Delfzijl,0,-0,0
1934,-57,Delfzijl,0,-0,0
1935,-14,Delfzijl,0,-0,0
1936,-15,Delfzijl,0,-0,0
1937,-52,Delfzijl,0,-0,0
1938,-5,Delfzijl,0,-0,0
1939,-68,Delfzijl,0,-0,0
1940,-47,Delfzijl,0,-0,0
1941,-99,Delfzijl,0,-0,0
1942,-78,Delfzijl,0,-0,0
1943,-10,Delfzijl,0,-0,0
1944,21,Delfzijl,0,-0,0
1945,22,Delfzijl,0,-0,0
1946,-5,Delfzijl,0,-0,0
1947,-106,Delfzijl,0,-0,0
1948,-10,Delfzijl,0,-0,0
1949,13,Delfzijl,0,-0,0
1950,-21,Delfzijl,27.95797857792906,-0,0
1951,-47,Delfzijl,7.705536603291662,-0,0
1952,2,Delfzijl,20.664944485567055,-0,0
1953,-27,Delfzijl,-12.98829325265374,-0,0
1954,-19,Delfzijl,34.401193142423956,-0,0
1955,4,Delfzijl,21.779722714568955,-0,0
1956,-40,Delfzijl,0.4155794701116591,-0,0
1957,-20,Delfzijl,11.908969827789257,-0,0
1958,-30,Delfzijl,6.128386646906563,-0,0
1959,-63,Delfzijl,-34.07337623623914,-0,0
1960,-15,Delfzijl,-14.851623200286738,-0,0
1961,86,Delfzijl,32.780138456685556,-0,1
1962,16,Delfzijl,26.263113961518762,-0,4
1963,-29,Delfzijl,-22.22526153454954,-0,9
1964,-14,Delfzijl,-17.02865891193264,-0,16
1965,0,Delfzijl,32.44696571914776,-0,25
1966,30,Delfzijl,15.880993103584856,-0,36
1967,103,Delfzijl,65.83062927789345,-0,49
1968,37,Delfzijl,-5.222887945812644,-0,64
1969,12,Delfzijl,-24.46536705007404,-0,81
1970,62,Delfzijl,21.806273016085463,-0,100
1971,26,Delfzijl,-6.804194491533238,-0,121
1972,-57,Delfzijl,-41.4737410028244,-0,144
1973,35,Delfzijl,41.46651385969687,-0,169
1974,35,Delfzijl,39.794964399369256,-0,196
1975,7,Delfzijl,-4.8024485590146355,-0,225
1976,-22,Delfzijl,-21.120304789160837,-0,256
1977,15,Delfzijl,24.536952788369355,-0,289
1978,15,Delfzijl,6.413327957339561,-0,324
1979,1,Delfzijl,-5.78375949387204,-0,361
1980,45,Delfzijl,-0.2409664144873389,-0,400
1981,107,Delfzijl,40.197582686949865,-0,441
1982,79,Delfzijl,12.081163548319765,-0,484
1983,128,Delfzijl,57.95708162941546,-0,529
1984,31,Delfzijl,-3.721300261481936,-0,576
1985,47,Delfzijl,7.109308885853963,-0,625
1986,19,Delfzijl,13.686660056812862,-0,676
1987,23,Delfzijl,-22.689980178803538,-0,729
1988,111,Delfzijl,40.56313479589516,-0,784
1989,75,Delfzijl,27.199769922566254,-0,841
1990,124,Delfzijl,79.49670491708648,-0,900
1991,9,Delfzijl,1.2173919883197613,-0,961
1992,57,Delfzijl,17.554533908463462,-0,1024
1993,54,Delfzijl,4.040907627223859,0,1089
1994,93,Delfzijl,36.739053917086856,1,1156
1995,106,Delfzijl,20.759476904210167,2,1225
1996,-37,Delfzijl,-69.67490892814854,3,1296
1997,39,Delfzijl,-15.611897176063838,4,1369
1998,131,Delfzijl,47.87508432256626,5,1444
1999,123,Delfzijl,42.97877245270326,6,1521
2000,117,Delfzijl,31.981390271304967,7,1600
2001,126,Delfzijl,14.728091554977262,8,1681
2002,106,Delfzijl,-12.11125092017344,9,1764
2003,86,Delfzijl,-14.491083945926839,10,1849
2004,116,Delfzijl,27.53458470573117,11,1936
2005,81,Delfzijl,10.089665500648465,12,2025
2006,80,Delfzijl,14.685880265032061,13,2116
2007,155,Delfzijl,48.08672714722386,14,2209
2008,117,Delfzijl,35.28731701720667,15,2304
2009,81,Delfzijl,-0.5500580774337394,16,2401
2010,67,Delfzijl,-22.38034735962544,17,2500
2011,122,Delfzijl,29.04443693900466,18,2601
2012,106,Delfzijl,13.548801613381464,19,2704
2013,82,Delfzijl,-16.678050943187138,20,2809
2014,126,Delfzijl,4.038225558456659,21,2916
2015,179,Delfzijl,48.054366988319764,22,3025
2016,144,Delfzijl,-12.386953952192343,23,3136
2017,202,Delfzijl,41.381637963662165,24,3249
2018,105,Delfzijl,-30.80427745551594,25,3364
2019,195,Delfzijl,21.082442029415652,26,3481
2020,205,Delfzijl,23.40447938605906,27,3600
2021,182,Delfzijl,-3.2204118637350376,28,3721
2022,165,Delfzijl,11.493723746314558,29,3844
1890,-120,Harlingen,0,-0,0
1891,-100,Harlingen,0,-0,0
1892,-91,Harlingen,0,-0,0
1893,-74,Harlingen,0,-0,0
1894,-70,Harlingen,0,-0,0
1895,-104,Harlingen,0,-0,0
1896,-101,Harlingen,0,-0,0
1897,-82,Harlingen,0,-0,0
1898,-42,Harlingen,0,-0,0
1899,-79,Harlingen,0,-0,0
1900,-114,Harlingen,0,-0,0
1901,-126,Harlingen,0,-0,0
1902,-136,Harlingen,0,-0,0
1903,-15,Harlingen,0,-0,0
1904,-84,Harlingen,0,-0,0
1905,-78,Harlingen,0,-0,0
1906,-50,Harlingen,0,-0,0
1907,-78,Harlingen,0,-0,0
1908,-105,Harlingen,0,-0,0
1909,-59,Harlingen,0,-0,0
1910,-47,Harlingen,0,-0,0
1911,-77,Harlingen,0,-0,0
1912,-1,Harlingen,0,-0,0
1913,-25,Harlingen,0,-0,0
1914,-10,Harlingen,0,-0,0
1915,-74,Harlingen,0,-0,0
1916,-4,Harlingen,0,-0,0
1917,-53,Harlingen,0,-0,0
1918,-34,Harlingen,0,-0,0
1919,-60,Harlingen,0,-0,0
1920,-53,Harlingen,0,-0,0
1921,-35,Harlingen,0,-0,0
1922,-52,Harlingen,0,-0,0
1923,-8,Harlingen,0,-0,0
1924,-39,Harlingen,0,-0,0
1925,18,Harlingen,0,-0,0
1926,6,Harlingen,0,-0,0
1927,-10,Harlingen,0,-0,0
1928,8,Harlingen,0,-0,0
1929,-68,Harlingen,0,-0,0
1930,-36,Harlingen,0,-0,0
1931,-15,Harlingen,0,-0,0
1932,-29,Harlingen,0,-0,0
1933,-85,Harlingen,0,-0,0
1934,-55,Harlingen,0,-0,0
1935,-3,Harlingen,0,-0,0
1936,-13,Harlingen,0,-0,0
1937,-46,Harlingen,0,-0,0
1938,-13,Harlingen,0,-0,0
1939,-63,Harlingen,0,-0,0
1940,-57,Harlingen,0,-0,0
1941,-95,Harlingen,0,-0,0
1942,-59,Harlingen,0,-0,0
1943,-13,Harlingen,0,-0,0
1944,-11,Harlingen,0,-0,0
1945,-9,Harlingen,0,-0,0
1946,-32,Harlingen,0,-0,0
1947,-103,Harlingen,0,-0,0
1948,-10,Harlingen,0,-0,0
1949,8,Harlingen,0,-0,0
1950,2,Harlingen,44.25042410794685,-0,0
1951,-19,Harlingen,23.279912254302964,-0,0
1952,3,Harlingen,25.751412832492967,-0,0
1953,-42,Harlingen,-10.83167900357914,-0,0
1954,-16,Harlingen,50.005355287804456,-0,0
1955,-19,Harlingen,16.958296196843357,-0,0
1956,-61,Harlingen,-1.0015807821082348,-0,0
1957,-15,Harlingen,16.843453635170157,-0,0
1958,-9,Harlingen,14.589953691662267,-0,0
1959,-59,Harlingen,-33.684913231109036,-0,0
1960,-24,Harlingen,0.9903655495191543,-0,0
1961,58,Harlingen,43.23188732306935,-0,1
1962,4,Harlingen,28.89651405451736,-0,4
1963,-73,Harlingen,-18.06940780066984,-0,9
1964,-60,Harlingen,-19.07184586779784,-0,16
1965,11,Harlingen,44.43160626034716,-0,25
1966,27,Harlingen,31.16554527676356,-0,36
1967,89,Harlingen,80.16850158615745,-0,49
1968,-2,Harlingen,-0.14024751628903687,-0,64
1969,-3,Harlingen,-20.65411574814324,-0,81
1970,63,Harlingen,30.428951734934067,-0,100
1971,-15,Harlingen,-10.491195062173439,-0,121
1972,-13,Harlingen,-37.28193868441804,-0,144
1973,48,Harlingen,37.43426630725285,-0,169
1974,43,Harlingen,56.69326588427446,-0,196
1975,-8,Harlingen,-5.6506736153743375,-0,225
1976,-42,Harlingen,-26.705849361952836,-0,256
1977,21,Harlingen,36.85732103545056,-0,289
1978,-7,Harlingen,11.435105512481961,-0,324
1979,15,Harlingen,9.62716356722386,-0,361
1980,52,Harlingen,3.7181349352393624,-0,400
1981,76,Harlingen,42.53757176640186,-0,441
1982,51,Harlingen,23.418283549963554,-0,484
1983,100,Harlingen,63.51672078831947,-0,529
1984,16,Harlingen,2.8581398450754634,-0,576
1985,16,Harlingen,10.549134963662162,-0,625
1986,18,Harlingen,21.22329840475806,-0,676
1987,-11,Harlingen,-20.79278531085834,-0,729
1988,87,Harlingen,53.08770554179646,-0,784
1989,35,Harlingen,29.130634415716962,-0,841
1990,95,Harlingen,90.97847969242949,-0,900
1991,-42,Harlingen,-1.5559064829131373,-0,961
1992,9,Harlingen,24.795189383326864,-0,1024
1993,3,Harlingen,5.285242402018362,0,1089
1994,55,Harlingen,48.61950973160736,1,1156
1995,53,Harlingen,20.788840788319753,2,1225
1996,-95,Harlingen,-76.85964357760214,3,1296
1997,-9,Harlingen,-17.82508701168024,4,1369
1998,89,Harlingen,64.92306767599047,5,1444
1999,80,Harlingen,56.27106451544346,6,1521
2000,77,Harlingen,48.73904407458367,7,1600
2001,67,Harlingen,22.245364673251267,8,1681
2002,53,Harlingen,-3.624502424283044,9,1764
2003,39,Harlingen,-18.80943011305014,10,1849
2004,88,Harlingen,37.08722727458366,11,1936
2005,58,Harlingen,11.64600868831976,12,2025
2006,65,Harlingen,22.678719032155364,13,2116
2007,122,Harlingen,48.66222036092247,14,2209
2008,98,Harlingen,45.56184552813557,15,2304
2009,52,Harlingen,7.355273093799163,16,2401
2010,30,Harlingen,-24.880397860995338,17,2500
2011,96,Harlingen,37.521069130785456,18,2601
2012,83,Harlingen,20.39379703360006,19,2704
2013,40,Harlingen,-16.68237085825564,20,2809
2014,93,Harlingen,16.421341267306055,21,2916
2015,140,Harlingen,55.35759981023747,22,3025
2016,103,Harlingen,-5.36649461148194,23,3136
2017,149,Harlingen,45.08695372530607,24,3249
2018,47,Harlingen,-32.42005156784464,25,3364
2019,140,Harlingen,29.25395016092245,26,3481
2020,153,Harlingen,36.595347222124666,27,3600
2021,117,Harlingen,0.5575489746210636,28,3721
2022,142,Harlingen,12.050351051360465,29,3844
1890,-236,IJmuiden,0,-0,0
1891,-197,IJmuiden,0,-0,0
1892,-164,IJmuiden,0,-0,0
1893,-117,IJmuiden,0,-0,0
1894,-122,IJmuiden,0,-0,0
1895,-224,IJmuiden,0,-0,0
1896,-230,IJmuiden,0,-0,0
1897,-212,IJmuiden,0,-0,0
1898,-178,IJmuiden,0,-0,0
1899,-166,IJmuiden,0,-0,0
1900,-193,IJmuiden,0,-0,0
1901,-199,IJmuiden,0,-0,0
1902,-275,IJmuiden,0,-0,0
1903,-183,IJmuiden,0,-0,0
1904,-220,IJmuiden,0,-0,0
1905,-229,IJmuiden,0,-0,0
1906,-188,IJmuiden,0,-0,0
1907,-238,IJmuiden,0,-0,0
1908,-237,IJmuiden,0,-0,0
1909,-157,IJmuiden,0,-0,0
1910,-143,IJmuiden,0,-0,0
1911,-167,IJmuiden,0,-0,0
1912,-106,IJmuiden,0,-0,0
1913,-126,IJmuiden,0,-0,0
1914,-102,IJmuiden,0,-0,0
1915,-136,IJmuiden,0,-0,0
1916,-87,IJmuiden,0,-0,0
1917,-144,IJmuiden,0,-0,0
1918,-160,IJmuiden,0,-0,0
1919,-210,IJmuiden,0,-0,0
1920,-212,IJmuiden,0,-0,0
1921,-195,IJmuiden,0,-0,0
1922,-195,IJmuiden,0,-0,0
1923,-173,IJmuiden,0,-0,0
1924,-189,IJmuiden,0,-0,0
1925,-143,IJmuiden,0,-0,0
1926,-152,IJmuiden,0,-0,0
1927,-119,IJmuiden,0,-0,0
1928,-99,IJmuiden,0,-0,0
1929,-159,IJmuiden,0,-0,0
1930,-116,IJmuiden,0,-0,0
1931,-115,IJmuiden,0,-0,0
1932,-126,IJmuiden,0,-0,0
1933,-172,IJmuiden,0,-0,0
1934,-154,IJmuiden,0,-0,0
1935,-108,IJmuiden,0,-0,0
1936,-75,IJmuiden,0,-0,0
1937,-77,IJmuiden,0,-0,0
1938,-109,IJmuiden,0,-0,0
1939,-106,IJmuiden,0,-0,0
1940,-111,IJmuiden,0,-0,0
1941,-133,IJmuiden,0,-0,0
1942,-123,IJmuiden,0,-0,0
1943,-66,IJmuiden,0,-0,0
1944,-46,IJmuiden,0,-0,0
1945,-110,IJmuiden,0,-0,0
1946,-121,IJmuiden,0,-0,0
1947,-146,IJmuiden,0,-0,0
1948,-55,IJmuiden,0,-0,0
1949,-51,IJmuiden,0,-0,0
1950,-41,IJmuiden,18.648617308231557,-0,0
1951,-53,IJmuiden,2.662732210956257,-0,0
1952,-33,IJmuiden,9.442420397421259,-0,0
1953,-85,IJmuiden,-32.45460622862094,-0,0
1954,-63,IJmuiden,21.830273058497063,-0,0
1955,-38,IJmuiden,3.8951395576303653,-0,0
1956,-95,IJmuiden,-17.25885631289164,-0,0
1957,-65,IJmuiden,-3.2643064079047406,-0,0
1958,-64,IJmuiden,3.7360026717256645,-0,0
1959,-91,IJmuiden,-44.01685875682095,-0,0
1960,-42,IJmuiden,-3.3528363784233406,-0,0
1961,3,IJmuiden,20.63749550311217,-0,1
1962,-47,IJmuiden,4.123361172615759,-0,4
1963,-86,IJmuiden,-30.02111752786524,-0,9
1964,-74,IJmuiden,-35.09737468860574,-0,16
1965,-35,IJmuiden,26.42619371126046,-0,25
1966,7,IJmuiden,19.519770126204854,-0,36
1967,16,IJmuiden,43.863665030505665,-0,49
1968,-52,IJmuiden,-9.41132492341604,-0,64
1969,-67,IJmuiden,-21.854251356589337,-0,81
1970,-43,IJmuiden,14.574972913870361,-0,100
1971,-84,IJmuiden,-24.55752602568954,-0,121
1972,-117,IJmuiden,-45.33234001688555,-0,144
1973,-51,IJmuiden,12.707405469675663,-0,169
1974,-42,IJmuiden,36.75093906350016,-0,196
1975,-86,IJmuiden,-21.83292310768924,-0,225
1976,-109,IJmuiden,-35.460460021029036,-0,256
1977,-58,IJmuiden,18.206315846043957,-0,289
1978,-28,IJmuiden,-0.3908507488393411,-0,324
1979,-38,IJmuiden,-3.343537710310436,-0,361
1980,5,IJmuiden,-10.58899757568954,-0,400
1981,2,IJmuiden,21.830618330785462,-0,441
1982,-13,IJmuiden,-4.466487518529632,-0,484
1983,26,IJmuiden,30.13805751708687,-0,529
1984,-28,IJmuiden,-14.147636828421838,-0,576
1985,-30,IJmuiden,-10.784544178803536,-0,625
1986,-34,IJmuiden,-3.2683997064748382,-0,676
1987,-34,IJmuiden,-32.03799545414604,-0,729
1988,30,IJmuiden,25.763209156550865,-0,784
1989,5,IJmuiden,2.613244267771762,-0,841
1990,33,IJmuiden,48.60499976640197,-0,900
1991,-62,IJmuiden,-25.62309584181724,-0,961
1992,-15,IJmuiden,-0.0629515210447451,-0,1024
1993,-21,IJmuiden,-12.612782012228237,0,1089
1994,21,IJmuiden,22.53662672530607,1,1156
1995,22,IJmuiden,1.6466993025662617,2,1225
1996,-79,IJmuiden,-74.11790514620864,3,1296
1997,-25,IJmuiden,-36.625415433598135,4,1369
1998,57,IJmuiden,36.57124507325127,5,1444
1999,49,IJmuiden,29.450685308867655,6,1521
2000,46,IJmuiden,21.03163324398256,7,1600
2001,53,IJmuiden,8.260776224593656,8,1681
2002,42,IJmuiden,-19.55993394263914,9,1764
2003,33,IJmuiden,-35.540033695943336,10,1849
2004,52,IJmuiden,11.425236977042658,11,1936
2005,36,IJmuiden,-6.276093419899439,12,2025
2006,35,IJmuiden,-1.4424808445570392,13,2116
2007,83,IJmuiden,23.30789802941566,14,2209
2008,55,IJmuiden,17.537469279501657,15,2304
2009,14,IJmuiden,-8.794860913050137,16,2401
2010,2,IJmuiden,-24.82002634510494,17,2500
2011,33,IJmuiden,6.4517833828402615,18,2601
2012,27,IJmuiden,-2.369123818858938,19,2704
2013,3,IJmuiden,-28.43118884811864,20,2809
2014,50,IJmuiden,-3.1698208363378413,21,2916
2015,64,IJmuiden,15.55791916037456,22,3025
2016,57,IJmuiden,-22.54909179590814,23,3136
2017,87,IJmuiden,17.05292274284026,24,3249
2018,19,IJmuiden,-42.235205085652886,25,3364
2019,60,IJmuiden,6.79319862667586,26,3481
2020,66,IJmuiden,7.053298678408758,27,3600
2021,46,IJmuiden,-16.34569173222824,28,3721
2022,69,IJmuiden,-11.680959380140536,29,3844
2023,222,Delfzijl,36.05931649640497,30,3969
2023,121,Den Helder,27.865365631038266,30,3969
2023,203,Harlingen,47.75017544185966,30,3969
2023,194,Hoek van Holland,13.838693167786559,30,3969
2023,125,IJmuiden,25.839367242174767,30,3969
2023,116,Vlissingen,4.10449021450146,30,3969
1890,-194.66666666666666,Netherlands,0,-0,0
1891,-179,Netherlands,0,-0,0
1892,-166.5,Netherlands,0,-0,0
1893,-142.16666666666666,Netherlands,0,-0,0
1894,-141.83333333333334,Netherlands,0,-0,0
1895,-173,Netherlands,0,-0,0
1896,-185,Netherlands,0,-0,0
1897,-179.33333333333334,Netherlands,0,-0,0
1898,-138.33333333333334,Netherlands,0,-0,0
1899,-141,Netherlands,0,-0,0
1900,-176.5,Netherlands,0,-0,0
1901,-196.83333333333334,Netherlands,0,-0,0
1902,-225.16666666666666,Netherlands,0,-0,0
1903,-113.83333333333333,Netherlands,0,-0,0
1904,-151.83333333333334,Netherlands,0,-0,0
1905,-176.66666666666666,Netherlands,0,-0,0
1906,-139.83333333333334,Netherlands,0,-0,0
1907,-162.66666666666666,Netherlands,0,-0,0
1908,-169.83333333333334,Netherlands,0,-0,0
1909,-119.5,Netherlands,0,-0,0
1910,-110.33333333333333,Netherlands,0,-0,0
1911,-132.33333333333334,Netherlands,0,-0,0
1912,-70.16666666666667,Netherlands,0,-0,0
1913,-98.83333333333333,Netherlands,0,-0,0
1914,-86.5,Netherlands,0,-0,0
1915,-124.33333333333333,Netherlands,0,-0,0
1916,-73.33333333333333,Netherlands,0,-0,0
1917,-127.83333333333333,Netherlands,0,-0,0
1918,-131.5,Netherlands,0,-0,0
1919,-153.66666666666666,Netherlands,0,-0,0
1920,-149.16666666666666,Netherlands,0,-0,0
1921,-119.33333333333333,Netherlands,0,-0,0
1922,-126.33333333333333,Netherlands,0,-0,0
1923,-104,Netherlands,0,-0,0
1924,-130,Netherlands,0,-0,0
1925,-75.16666666666667,Netherlands,0,-0,0
1926,-93,Netherlands,0,-0,0
1927,-92.16666666666667,Netherlands,0,-0,0
1928,-79.33333333333333,Netherlands,0,-0,0
1929,-131.83333333333334,Netherlands,0,-0,0
1930,-83.33333333333333,Netherlands,0,-0,0
1931,-74.83333333333333,Netherlands,0,-0,0
1932,-90,Netherlands,0,-0,0
1933,-135.66666666666666,Netherlands,0,-0,0
1934,-121,Netherlands,0,-0,0
1935,-73.66666666666667,Netherlands,0,-0,0
1936,-59.333333333333336,Netherlands,0,-0,0
1937,-74.83333333333333,Netherlands,0,-0,0
1938,-61.166666666666664,Netherlands,0,-0,0
1939,-96.83333333333333,Netherlands,0,-0,0
1940,-89.5,Netherlands,0,-0,0
1941,-125,Netherlands,0,-0,0
1942,-109.5,Netherlands,0,-0,0
1943,-59.333333333333336,Netherlands,0,-0,0
1944,-49.333333333333336,Netherlands,0,-0,0
1945,-57.666666666666664,Netherlands,0,-0,0
1946,-68.5,Netherlands,0,-0,0
1947,-129.16666666666666,Netherlands,0,-0,0
1948,-56,Netherlands,0,-0,0
1949,-42.166666666666664,Netherlands,0,-0,0
1950,-43.166666666666664,Netherlands,19.34148160154916,-0,0
1951,-58.5,Netherlands,2.94268535502176,-0,0
1952,-34.166666666666664,Netherlands,11.09664399944126,-0,0
1953,-73.16666666666667,Netherlands,-28.753996560237017,-0,0
1954,-45.5,Netherlands,23.24812348109126,-0,0
1955,-36.333333333333336,Netherlands,7.0266940420785104,-0,0
1956,-93.83333333333333,Netherlands,-14.056893277944006,-0,0
1957,-60.833333333333336,Netherlands,-0.7113674935912412,-0,0
1958,-50.666666666666664,Netherlands,3.320930815933162,-0,0
1959,-93.16666666666667,Netherlands,-42.17963038327099,-0,0
1960,-54.833333333333336,Netherlands,-7.086321624445156,-0,0
1961,12.833333333333334,Netherlands,22.017999123239527,-0,1
1962,-39.666666666666664,Netherlands,7.73230816831881,-0,4
1963,-97,Netherlands,-28.871001675414213,-0,9
1964,-76.5,Netherlands,-31.56446935311493,-0,16
1965,-21.833333333333332,Netherlands,26.28511637311566,-0,25
1966,7.666666666666667,Netherlands,17.049464248960476,-0,36
1967,35.166666666666664,Netherlands,46.37411863928464,-0,49
1968,-29.333333333333332,Netherlands,-9.253990222058206,-0,64
1969,-43,Netherlands,-23.205847332124524,-0,81
1970,-9.833333333333334,Netherlands,14.806542095157129,-0,100
1971,-60.166666666666664,Netherlands,-21.293153701484222,-0,121
1972,-88.33333333333333,Netherlands,-44.84718622294468,-0,144
1973,-20.5,Netherlands,17.464770932105427,-0,169
1974,-16.666666666666668,Netherlands,35.772586170590124,-0,196
1975,-52,Netherlands,-18.706733448990306,-0,225
1976,-75.5,Netherlands,-32.9909723891949,-0,256
1977,-24.166666666666668,Netherlands,18.32411275625836,-0,289
1978,-31.833333333333332,Netherlands,-0.32145443409658964,-0,324
1979,-22.333333333333332,Netherlands,-4.894621119397155,-0,361
1980,5,Netherlands,-9.391083089168623,-0,400
1981,39,Netherlands,24.323858351105095,-0,441
1982,15.333333333333334,Netherlands,-1.9849045251962554,-0,484
1983,52.833333333333336,Netherlands,34.69344779288586,-0,529
1984,-9.5,Netherlands,-12.519026332939122,-0,576
1985,-6.5,Netherlands,-7.700682075196272,-0,625
1986,-13,Netherlands,-0.5555120978903391,-0,676
1987,-20.5,Netherlands,-30.74594217309581,-0,729
1988,55.833333333333336,Netherlands,27.598898680539897,-0,784
1989,17.833333333333332,Netherlands,7.027780628045742,-0,841
1990,54.333333333333336,Netherlands,53.4781056181827,-0,900
1991,-48,Netherlands,-20.48976426440173,-0,961
1992,-2.6666666666666665,Netherlands,2.386387343572744,-0,1024
1993,-5.166666666666667,Netherlands,-9.994804284164289,0,1089
1994,35.333333333333336,Netherlands,23.939849517086863,1,1156
1995,39.833333333333336,Netherlands,4.931170235214711,2,1225
1996,-74,Netherlands,-72.88043549257023,3,1296
1997,-16.666666666666668,Netherlands,-32.610496519305855,4,1369
1998,64.33333333333333,Netherlands,36.95181539311416,5,1444
1999,58.666666666666664,Netherlands,30.753964024073227,6,1521
2000,54,Netherlands,21.705315020394227,7,1600
2001,61,Netherlands,8.22030144072611,8,1681
2002,46.166666666666664,Netherlands,-18.679531309890322,9,1764
2003,32,Netherlands,-31.233814490381658,10,1849
2004,62.833333333333336,Netherlands,13.443541057325012,11,1936
2005,45,Netherlands,-3.7144897276346214,12,2025
2006,41.333333333333336,Netherlands,1.0797788974521279,13,2116
2007,94.83333333333333,Netherlands,27.404534583479546,14,2209
2008,66.33333333333333,Netherlands,19.857743150927014,15,2304
2009,33.666666666666664,Netherlands,-7.8862864583012895,16,2401
2010,25.333333333333332,Netherlands,-24.744397919625488,17,2500
2011,60.166666666666664,Netherlands,10.353675169210126,18,2601
2012,50.666666666666664,Netherlands,0.0102707468058784,19,2704
2013,25.666666666666668,Netherlands,-26.291725752410873,20,2809
2014,66.66666666666667,Netherlands,-2.663069692808141,21,2916
2015,92.5,Netherlands,21.225324723844846,22,3025
2016,77,Netherlands,-21.01963566143639,23,3136
2017,112.16666666666667,Netherlands,20.749215569506944,24,3249
2018,39.333333333333336,Netherlands,-40.15039214729672,25,3364
2019,109.16666666666667,Netherlands,8.42950571987224,26,3481
2020,114.66666666666667,Netherlands,9.072518224201128,27,3600
2021,93.5,Netherlands,-14.580753823552438,28,3721
2022,106.33333333333333,Netherlands,-7.775760646431254,29,3844
2023,163.5,Netherlands,25.90956803229428,30,3969
1890,-203.4,Netherlands (without Delfzijl),0,-0,0
1891,-189.4,Netherlands (without Delfzijl),0,-0,0
1892,-174.4,Netherlands (without Delfzijl),0,-0,0
1893,-154,Netherlands (without Delfzijl),0,-0,0
1894,-147,Netherlands (without Delfzijl),0,-0,0
1895,-182,Netherlands (without Delfzijl),0,-0,0
1896,-197.6,Netherlands (without Delfzijl),0,-0,0
1897,-190.8,Netherlands (without Delfzijl),0,-0,0
1898,-153,Netherlands (without Delfzijl),0,-0,0
1899,-151,Netherlands (without Delfzijl),0,-0,0
1900,-189.4,Netherlands (without Delfzijl),0,-0,0
1901,-210.2,Netherlands (without Delfzijl),0,-0,0
1902,-238,Netherlands (without Delfzijl),0,-0,0
1903,-129.4,Netherlands (without Delfzijl),0,-0,0
1904,-155.4,Netherlands (without Delfzijl),0,-0,0
1905,-172.8,Netherlands (without Delfzijl),0,-0,0
1906,-144.8,Netherlands (without Delfzijl),0,-0,0
1907,-169.2,Netherlands (without Delfzijl),0,-0,0
1908,-179.2,Netherlands (without Delfzijl),0,-0,0
1909,-128.2,Netherlands (without Delfzijl),0,-0,0
1910,-119.2,Netherlands (without Delfzijl),0,-0,0
1911,-148,Netherlands (without Delfzijl),0,-0,0
1912,-87,Netherlands (without Delfzijl),0,-0,0
1913,-109.6,Netherlands (without Delfzijl),0,-0,0
1914,-95.8,Netherlands (without Delfzijl),0,-0,0
1915,-133.2,Netherlands (without Delfzijl),0,-0,0
1916,-86.2,Netherlands (without Delfzijl),0,-0,0
1917,-138.8,Netherlands (without Delfzijl),0,-0,0
1918,-140.4,Netherlands (without Delfzijl),0,-0,0
1919,-162,Netherlands (without Delfzijl),0,-0,0
1920,-162,Netherlands (without Delfzijl),0,-0,0
1921,-139.8,Netherlands (without Delfzijl),0,-0,0
1922,-136.4,Netherlands (without Delfzijl),0,-0,0
1923,-114.4,Netherlands (without Delfzijl),0,-0,0
1924,-138.6,Netherlands (without Delfzijl),0,-0,0
1925,-89.2,Netherlands (without Delfzijl),0,-0,0
1926,-108.2,Netherlands (without Delfzijl),0,-0,0
1927,-102,Netherlands (without Delfzijl),0,-0,0
1928,-89.2,Netherlands (without Delfzijl),0,-0,0
1929,-144.4,Netherlands (without Delfzijl),0,-0,0
1930,-90.6,Netherlands (without Delfzijl),0,-0,0
1931,-86.4,Netherlands (without Delfzijl),0,-0,0
1932,-101.2,Netherlands (without Delfzijl),0,-0,0
1933,-147,Netherlands (without Delfzijl),0,-0,0
1934,-133.8,Netherlands (without Delfzijl),0,-0,0
1935,-85.6,Netherlands (without Delfzijl),0,-0,0
1936,-68.2,Netherlands (without Delfzijl),0,-0,0
1937,-79.4,Netherlands (without Delfzijl),0,-0,0
1938,-72.4,Netherlands (without Delfzijl),0,-0,0
1939,-102.6,Netherlands (without Delfzijl),0,-0,0
1940,-98,Netherlands (without Delfzijl),0,-0,0
1941,-130.2,Netherlands (without Delfzijl),0,-0,0
1942,-115.8,Netherlands (without Delfzijl),0,-0,0
1943,-69.2,Netherlands (without Delfzijl),0,-0,0
1944,-63.4,Netherlands (without Delfzijl),0,-0,0
1945,-73.6,Netherlands (without Delfzijl),0,-0,0
1946,-81.2,Netherlands (without Delfzijl),0,-0,0
1947,-133.8,Netherlands (without Delfzijl),0,-0,0
1948,-65.2,Netherlands (without Delfzijl),0,-0,0
1949,-53.2,Netherlands (without Delfzijl),0,-0,0
1950,-47.6,Netherlands (without Delfzijl),17.61818220627318,-0,0
1951,-60.8,Netherlands (without Delfzijl),1.9901151053677792,-0,0
1952,-41.4,Netherlands (without Delfzijl),9.182983902216101,-0,0
1953,-82.4,Netherlands (without Delfzijl),-31.907137221753672,-0,0
1954,-50.8,Netherlands (without Delfzijl),21.01750954882472,-0,0
1955,-44.4,Netherlands (without Delfzijl),4.076088307580422,-0,0
1956,-104.6,Netherlands (without Delfzijl),-16.951387827555138,-0,0
1957,-69,Netherlands (without Delfzijl),-3.2354349578673407,-0,0
1958,-54.8,Netherlands (without Delfzijl),2.759439649738482,-0,0
1959,-99.2,Netherlands (without Delfzijl),-43.80088121267736,-0,0
1960,-62.8,Netherlands (without Delfzijl),-5.53326130927684,-0,0
1961,-1.8,Netherlands (without Delfzijl),19.86557125655032,-0,1
1962,-50.8,Netherlands (without Delfzijl),4.02614700967882,-0,4
1963,-110.6,Netherlands (without Delfzijl),-30.20014970358715,-0,9
1964,-89,Netherlands (without Delfzijl),-34.471631441351384,-0,16
1965,-26.2,Netherlands (without Delfzijl),25.05274650390924,-0,25
1966,3.2,Netherlands (without Delfzijl),17.2831584780356,-0,36
1967,21.6,Netherlands (without Delfzijl),42.48281651156287,-0,49
1968,-42.6,Netherlands (without Delfzijl),-10.060210677307317,-0,64
1969,-54,Netherlands (without Delfzijl),-22.95394338853462,-0,81
1970,-24.2,Netherlands (without Delfzijl),13.406595910971463,-0,100
1971,-77.4,Netherlands (without Delfzijl),-24.19094554347442,-0,121
1972,-94.6,Netherlands (without Delfzijl),-45.521875266968735,-0,144
1973,-31.6,Netherlands (without Delfzijl),12.664422346587138,-0,169
1974,-27,Netherlands (without Delfzijl),34.9681105248343,-0,196
1975,-63.8,Netherlands (without Delfzijl),-21.487590426985438,-0,225
1976,-86.2,Netherlands (without Delfzijl),-35.365105909201716,-0,256
1977,-32,Netherlands (without Delfzijl),17.081544749836162,-0,289
1978,-41.2,Netherlands (without Delfzijl),-1.6684109123838198,-0,324
1979,-27,Netherlands (without Delfzijl),-4.716793444502178,-0,361
1980,-3,Netherlands (without Delfzijl),-11.22110642410488,-0,400
1981,25.4,Netherlands (without Delfzijl),21.14911348393614,-0,441
1982,2.6,Netherlands (without Delfzijl),-4.79811813989946,-0,484
1983,37.8,Netherlands (without Delfzijl),30.04072102557995,-0,529
1984,-17.6,Netherlands (without Delfzijl),-14.278571547230559,-0,576
1985,-17.2,Netherlands (without Delfzijl),-10.66268026740632,-0,625
1986,-19.4,Netherlands (without Delfzijl),-3.4039465288309794,-0,676
1987,-29.2,Netherlands (without Delfzijl),-32.35713457195426,-0,729
1988,44.8,Netherlands (without Delfzijl),25.006051457468846,-0,784
1989,6.4,Netherlands (without Delfzijl),2.9933827691416397,-0,841
1990,40.4,Netherlands (without Delfzijl),48.27438575840195,-0,900
1991,-59.4,Netherlands (without Delfzijl),-24.831195514946028,-0,961
1992,-14.6,Netherlands (without Delfzijl),-0.6472419694053997,-0,1024
1993,-17,Netherlands (without Delfzijl),-12.801946666441918,0,1089
1994,23.8,Netherlands (without Delfzijl),21.380008637086863,1,1156
1995,26.6,Netherlands (without Delfzijl),1.765508901415619,2,1225
1996,-81.4,Netherlands (without Delfzijl),-73.52154080545456,3,1296
1997,-27.8,Netherlands (without Delfzijl),-36.01021638795426,4,1369
1998,51,Netherlands (without Delfzijl),34.76716160722374,5,1444
1999,45.8,Netherlands (without Delfzijl),28.30900233834722,6,1521
2000,41.4,Netherlands (without Delfzijl),19.650099970212082,7,1600
2001,48,Netherlands (without Delfzijl),6.918743417875881,8,1681
2002,34.2,Netherlands (without Delfzijl),-19.9931873878337,9,1764
2003,21.2,Netherlands (without Delfzijl),-34.58236059927262,10,1849
2004,52.2,Netherlands (without Delfzijl),10.625332327643779,11,1936
2005,37.8,Netherlands (without Delfzijl),-6.475320773291239,12,2025
2006,33.6,Netherlands (without Delfzijl),-1.6414413760638589,13,2116
2007,82.8,Netherlands (without Delfzijl),23.26809607073068,14,2209
2008,56.2,Netherlands (without Delfzijl),16.77182837767108,15,2304
2009,24.2,Netherlands (without Delfzijl),-9.3535321344748,16,2401
2010,17,Netherlands (without Delfzijl),-25.2172080316255,17,2500
2011,47.8,Netherlands (without Delfzijl),6.615522815251219,18,2601
2012,39.6,Netherlands (without Delfzijl),-2.6974354265092386,19,2704
2013,14.4,Netherlands (without Delfzijl),-28.21446071425562,20,2809
2014,54.8,Netherlands (without Delfzijl),-4.003328743061101,21,2916
2015,75.2,Netherlands (without Delfzijl),15.859516270949863,22,3025
2016,63.6,Netherlands (without Delfzijl),-22.7461720032852,23,3136
2017,94.2,Netherlands (without Delfzijl),16.6227310906759,24,3249
2018,26.2,Netherlands (without Delfzijl),-42.01961508565288,25,3364
2019,92,Netherlands (without Delfzijl),5.898918457963559,26,3481
2020,96.6,Netherlands (without Delfzijl),6.206125991829542,27,3600
2021,75.8,Netherlands (without Delfzijl),-16.852822215515918,28,3721
2022,94.6,Netherlands (without Delfzijl),-11.629657524980416,29,3844
2023,151.8,Netherlands (without Delfzijl),23.87961833947214,30,3969
