time,0.05,0.17,0.5,0.83,0.95
1890,,,,,
1891,0.5894050031039612,0.977310379223407,1.5131900109632745,2.049069642703142,2.4369750188225874
1892,0.5891879196886437,0.976203453765839,1.5108537954384271,2.045504137111015,2.43251967118821
1893,0.5901210588079143,0.9753162023609103,1.5074517291745515,2.0395872559881925,2.424782399541188
1894,0.5937893263104675,0.975980627565368,1.5039664364230187,2.0319522452806695,2.4141435465355694
1895,0.6016126692623562,0.9794938900156367,1.5015254520539134,2.02355701409219,2.40143823484547
1896,0.6148399735454729,0.9870274254560959,1.5011932167717834,2.015359008087471,2.3875464599980933
1897,0.633417146481394,0.9985023612846129,1.5028566252538145,2.007210889223016,2.3722961040262343
1898,0.6568306220810641,1.013404894985289,1.5060015482293743,1.9985982014734596,2.355172474377684
1899,0.6851603761626126,1.0319558250221617,1.5110433264201628,1.990130827818164,2.336926276677713
1900,0.718691842525049,1.0546511404475347,1.518768824639798,1.982886508832061,2.3188458067545463
1901,0.7557622942591665,1.0800708195214124,1.528093311053258,1.9761158025851036,2.300424327847349
1902,0.793464225522399,1.105560231507677,1.5367114942923799,1.9678627570770828,2.27995876306236
1903,0.83017757519349,1.129738406596011,1.5435727020151102,1.9574069974342094,2.2569678288367303
1904,0.8653026848127322,1.152221051691432,1.5485901619123155,1.944959272133199,2.2318776390118984
1905,0.8988862170727533,1.1732731375598822,1.5523304307993602,1.9313877240388382,2.2057746445259667
1906,0.9315975870978895,1.193793377418469,1.556008990324722,1.918224603230975,2.1804203935515543
1907,0.9626915600091002,1.2132796333191842,1.5594595336525607,1.9056394339859373,2.156227507296021
1908,0.9895899230605539,1.2294272961215431,1.5607554268092816,1.89208355749702,2.131920930558009
1909,1.0099129431915768,1.240095328265348,1.5580853829026786,1.8760754375400093,2.10625782261378
1910,1.0214966834288377,1.24332291611108,1.5497691970808969,1.8562154780507139,2.078041710732956
1911,1.022773324444843,1.2376419492986366,1.5344765039289054,1.8313110585591743,2.0461796834129675
1912,1.0129585354467343,1.2222555718960195,1.511393144411004,1.8005307169259885,2.0098277533752738
1913,0.9925349331883426,1.1974966151442863,1.4806450255790882,1.76379343601389,1.9687551179698335
1914,0.9644014641672238,1.1660162957487836,1.4445411328677027,1.7230659699866218,1.9246808015681813
1915,0.9308162578786212,1.1297717559395166,1.4046228036359132,1.6794738513323098,1.8784293493932047
1916,0.8908949712020489,1.0876164566604136,1.3593812830140628,1.631146109367712,1.8278675948260765
1917,0.8434296122851215,1.038156586822588,1.3071660562165466,1.5761755256105052,1.7709025001479715
1918,0.7880898937667151,0.9810200608696107,1.247547294734952,1.5140745286002932,1.7070046957031886
1919,0.7250121456340002,0.9163394578088622,1.1806523957106885,1.4449653336125148,1.6362926457873765
1920,0.6558142808739322,0.8457740374975335,1.1081977384608965,1.3706214394242595,1.5605811960478606
1921,0.5824476036030184,0.7712883715297049,1.0321662232016182,1.2930440748735315,1.4818848428002178
1922,0.5058051800466012,0.6937936967905265,0.9534941890390236,1.2131946812875207,1.4011831980314458
1923,0.42654320899750237,0.613943561443719,0.872831522372306,1.131719483300893,1.3191198357471094
1924,0.345365444137851,0.5325024569325041,0.7910266220382178,1.0495507871439316,1.2366877999385844
1925,0.26325819062276035,0.45050986096246826,0.7091924220245227,0.9678749830865772,1.1551266534262847
1926,0.18286843679233994,0.37061821630626757,0.6299889002386916,0.8893595841711156,1.077109363685043
1927,0.10786639095004008,0.29643763261102846,0.5569431418383708,0.8174486510657131,1.0060198927267012
1928,0.04089463429030327,0.23049718015479276,0.49242740517832395,0.7543576302018551,0.9439601760663443
1929,-0.016001150565402744,0.17469354269863024,0.4381325365670996,0.701571530435569,0.8922662236996017
1930,-0.06274929513634869,0.12902884120763852,0.3939645791648472,0.6589003171220558,0.8506784534660428
1931,-0.1007776962595543,0.09204678041020725,0.3584280061151235,0.6248092318200398,0.8176337084898011
1932,-0.13051586270494842,0.06327896824932755,0.33100070926713965,0.5987224502849517,0.7925172812392274
1933,-0.15142688482202693,0.04320974082317269,0.3120943959348432,0.5809790510465138,0.775615676691713
1934,-0.16412962114325425,0.031190094124368295,0.3010184170422736,0.5708467399601789,0.7661664552278012
1935,-0.17082196311300907,0.025041998000421894,0.2956221802154202,0.5662023624304184,0.7620663235438492
1936,-0.17230682659428498,0.023980616340535832,0.295145825978369,0.5663110356162022,0.7625984785510228
1937,-0.16720640889924765,0.029404183733006517,0.3010158149765152,0.5726274462200238,0.7692380388522777
1938,-0.15432518222354347,0.042504910999114576,0.314419775718604,0.5863346404380935,0.7831647336607512
1939,-0.13311881008367132,0.06383103901005277,0.33591134287020985,0.607991646730367,0.8049414958240908
1940,-0.10340440537963558,0.09353801462530215,0.36560805542233066,0.6376780962193591,0.8346205162242966
1941,-0.06593922186290646,0.13085644686079406,0.40272375516843706,0.6745910634760801,0.8713867321997804
1942,-0.02178947871546577,0.1747081664925051,0.446163764260179,0.7176193620278529,0.9141170072358236
1943,0.027184125248071844,0.2232547620451008,0.49412046051234615,0.7649861589795914,0.9610567957766202
1944,0.07913035898035797,0.2746720103739204,0.5448069313870318,0.8149418524001433,1.0104835037937054
1945,0.13242924164837233,0.3274423458158143,0.5968470947036408,0.8662518435914675,1.0612649477589091
1946,0.18574726777663314,0.38030873047358765,0.6490895502287364,0.917870369983885,1.1124318326808393
1947,0.23854562048223116,0.4327783223456336,0.7011049688790116,0.9694316154123896,1.163664317275792
1948,0.29060006039930375,0.48459511417540074,0.7525934570106374,1.020591799845874,1.2145868536219708
1949,0.3413725606756069,0.5351945563363479,0.8029538245806256,1.0707130928249033,1.264535088485644
1950,0.3903191270150246,0.5839841319500627,0.8515265222198254,1.119068912489588,1.312733917424626
1951,0.43729655833413417,0.6308008987117253,0.8981213357187112,1.1654417727256972,1.358946113103288
1952,0.48230897052480604,0.6756329175833006,0.9427041466355712,1.2097753756878418,1.4030993227463362
1953,0.5250336386108133,0.7181521842672158,0.9849396574488845,1.251727130630553,1.4448456762869553
1954,0.5649807121599796,0.7578274162861461,1.0242393485547918,1.2906512808234374,1.483497984949604
1955,0.6004721949210894,0.792973923804663,1.0589092831322233,1.3248446424597837,1.517346371343357
1956,0.6290570372277741,0.8211495268874599,1.0865195345130552,1.3518895421386503,1.5439820317983362
1957,0.6500366022976587,0.841681931962176,1.1064342014787076,1.3711864709952393,1.5628318006597564
1958,0.6640892322411263,0.855289895862851,1.1194278725906548,1.3835658493184586,1.574766512940183
1959,0.6721651318088229,0.8629485733649713,1.1265101703346714,1.3900717673043714,1.5808552088605197
1960,0.6755693576645758,0.8659663940367625,1.1289941838451512,1.3920219736535397,1.5824190100257263
1961,0.676107064748368,0.8661452321639012,1.1286772552823354,1.3912092784007697,1.5812474458163026
1962,0.6763065774224174,0.8660151472264386,1.1280918411394714,1.3901685350525042,1.579877104856525
1963,0.6764890898728108,0.8659258130402037,1.1276269589858856,1.3893281049315676,1.5787648280989601
1964,0.6735379389708793,0.8628342616197486,1.1243414484640768,1.385848635308405,1.575144957957274
1965,0.6649077151117222,0.8542130917716102,1.1157327864603483,1.3772524811490865,1.566557857808974
1966,0.6491870024968209,0.8386272684207932,1.1003333085783318,1.3620393487358704,1.5514796146598424
1967,0.6256438729122349,0.81528654591935,1.0772722053857553,1.3392578648521605,1.5289005378592755
1968,0.5945897705494523,0.7844774838065306,1.0468016590218676,1.3091258342372045,1.4990135474942827
1969,0.5570045544419657,0.7471326030717234,1.0097887943892703,1.2724449857068172,1.4625730343365746
1970,0.5153744885928305,0.7057110280862597,0.9686552432728313,1.2315994584594028,1.4219359979528317
1971,0.4724328551981685,0.6628998952347366,0.926024393003877,1.1891488907730174,1.3796159308095852
1972,0.4308486044041784,0.6213481769886547,0.8845176174960656,1.1476870580034766,1.3381866305879526
1973,0.39314784502461514,0.5835511635294075,0.8465876319153942,1.109624100301381,1.3000274188061731
1974,0.36091910977562347,0.5511040125055056,0.8138387460555485,1.0765734796055915,1.2667583823354733
1975,0.3354399925303004,0.5252828733700564,0.7875451139467837,1.049807354523511,1.2396502353632668
1976,0.3169722175138555,0.5063994605829125,0.768087510057347,1.0297755595317815,1.2192028026008381
1977,0.305436822985748,0.4944255211868432,0.7555077340918137,1.0165899469967843,1.2055786451978792
1978,0.30011237286654946,0.48875081288696587,0.7493491546304853,1.009947496374005,1.198585936394421
1979,0.3002223363284722,0.488694572063667,0.7490633075767983,1.0094320430899295,1.1979042788251242
1980,0.30651891688839095,0.49505440803407946,0.755510528997807,1.0159666499615345,1.204502141107223
1981,0.3207552470064096,0.509566784905554,0.7704042561719371,1.0312417274383203,1.2200532653374643
1982,0.3457653170865769,0.5350463728757334,0.796532469011697,1.0580185651476608,1.247299620936817
1983,0.38516650371425404,0.5750801880946086,0.8374402416370685,1.0998002951795285,1.2897139795598829
1984,0.44023419328026486,0.6308939368919348,0.8942846488648937,1.1576753608378525,1.3483351044495222
1985,0.5104505669447135,0.7018902965816222,0.9663585358323634,1.2308267750831048,1.422266504720013
1986,0.5945676772667907,0.7867564429879208,1.0522594531020824,1.317762463216244,1.5099512289373738
1987,0.6905222352688329,0.8833888820167901,1.149828364418739,1.416267846820688,1.609134493568645
1988,0.7970904442303497,0.9905333710344149,1.2577689670332814,1.525004563032148,1.718447489836213
1989,0.9140137973606983,1.1079050836353752,1.3757600747826204,1.6436150659298656,1.8375063522045423
1990,1.0407862055479757,1.2349803727566047,1.503253784821268,1.7715271968859312,1.9657213640945599
1991,1.176336011242611,1.3707009667207113,1.6392103176523876,1.9077196685840638,2.102084624062164
1992,1.3187522272236014,1.5131798018393399,1.781775659229764,2.050371516620188,2.2447990912359264
1993,1.4642747190129475,1.6587404159617973,1.9273889382109384,2.1960374604600794,2.390503157408929
1994,1.6100788100508037,1.804653333004829,2.0734521951130374,2.3422510572212456,2.536825580175271
1995,1.7557091887777236,1.950596197339336,2.219826748933245,2.489057300527154,2.683944309088766
1996,1.9005275145733682,2.0960426721137893,2.3661409926641626,2.636239313214536,2.831754470754957
1997,2.042178444650342,2.238763728673133,2.5103403968324614,2.7819170649917897,2.97850234901458
1998,2.1783999153332703,2.376592521701208,2.650389657426677,2.9241867931521464,3.122379399520084
1999,2.3078614806587567,2.5083174177987053,2.7852412770378936,3.062165136277082,3.2626210734170304
2000,2.4296825552401655,2.6331479964759263,2.9142293952746767,3.195310794073427,3.398776235309188
2001,2.543822573065383,2.7511743700435765,3.037624652627591,3.324074935211606,3.5314267321897987
2002,2.6506131092398597,2.862815646920248,3.155967082159485,3.449118517398722,3.6613210550791098
2003,2.750709771091972,2.9687522446457946,3.2699713759725357,3.571190507299277,3.7892329808530993
2004,2.844884590897925,3.069724629042843,3.380334391781413,3.690944154519983,3.9157841926649013
2005,2.9330039656289593,3.1656184728143626,3.486968431133788,3.808318389453213,4.040932896638616
2006,3.014671268817849,3.2560269314576527,3.5894525336177097,3.9228781357777667,4.16423379841757
2007,3.089587497656816,3.3405679736744087,3.687289966567824,4.034011959461239,4.284992435478831
2008,3.1576069158579236,3.418932295514455,3.779945462219063,4.140958628923671,4.402284008580202
2009,3.2190988605089466,3.4912759973919605,3.8672805409226196,4.243285084453279,4.515462221336293
2010,3.274780626657116,3.558056434505821,3.9493934587806123,4.340730483055403,4.624006290904108
2011,3.3250520445421476,3.619461186885627,4.026178578529338,4.43289597017305,4.727305112516528
2012,3.370074976100204,3.6754712506586706,4.097367035610939,4.519262820563208,4.824659095121674
2013,3.410323731353569,3.7263873109816386,4.163019657642697,4.599652004303755,4.915715583931824
2014,3.4465791405947495,3.7728316929786043,4.223539799617004,4.674247906255404,5.000500458639259
2015,3.479763036723722,3.8155725940731364,4.279483416159087,4.743394238245037,5.0792037955944505
2016,3.5109735909993725,3.855574406075112,4.331630086786231,4.80768576749735,5.1522865825730895
2017,3.540890198752625,3.893398665786185,4.3803785302801534,4.867358394774121,5.219866861807681
2018,3.5695826764542335,3.9290150313528165,4.425560039069172,4.922105046785528,5.28153740168411
2019,3.596759148251475,3.9620340275256742,4.466650307267588,4.971266587009501,5.3365414662837
2020,3.6213276744628535,3.9913219558215776,4.50245794786134,5.013593939901103,5.383588221259827
2021,3.642102984079031,4.015671862913159,4.531746054051631,5.047820245190103,5.4213891240242305
2022,3.6576483220671383,4.033693511659828,4.553188651769533,5.072683791879238,5.448728981471928
2023,3.667103147968933,4.044622687211897,4.566154597101768,5.0876865069916395,5.465206046234602
2024,3.6714160662297015,4.049634470305343,4.572131840980829,5.094629211656314,5.472847615731956
2025,,,,,
